V2	V3	V4	V5	V6	V7	V8	V9	V10	V11	V12	V13	V14	V15	V16	V17	V18	Method	WGS	RNA	Score	PL_ratio	N_sites	N_match	Concordance
""	""	""	""	""	""	""	""	""	""	""	""	""	""	""	""	""	DCv2	BTx645	BTx645	18.42068	1.165893	670	668	0.997014925373134
""	""	""	""	""	""	""	""	""	""	""	""	""	""	""	""	""	DCv2	PI152651	PI152651	1317.079	0.7688286	675	598	0.885925925925926
""	""	""	""	""	""	""	""	""	""	""	""	""	""	""	""	""	DCv2	PI153844	PI153844	1059.189	1.324237	653	593	0.908116385911179
""	""	""	""	""	""	""	""	""	""	""	""	""	""	""	""	""	DCv2	PI153846	PI153846	9.21034	1.169225	668	667	0.998502994011976
""	""	""	""	""	""	""	""	""	""	""	""	""	""	""	""	""	DCv2	PI22326	PI22326	1326.289	0.8852073	664	588	0.885542168674699
""	""	""	""	""	""	""	""	""	""	""	""	""	""	""	""	""	DCv2	PI24969	PI24969	1169.713	0.7760625	677	609	0.899556868537666
""	""	""	""	""	""	""	""	""	""	""	""	""	""	""	""	""	DCv2	PI276837	PI276837	2910.468	0.7039626	677	514	0.759231905465288
""	""	""	""	""	""	""	""	""	""	""	""	""	""	""	""	""	DCv2	PI34911	PI34911	1105.241	0.8270034	659	595	0.90288315629742
""	""	""	""	""	""	""	""	""	""	""	""	""	""	""	""	""	DCv2	PI48770	PI48770	4982.794	0.5098171	659	385	0.584218512898331
""	""	""	""	""	""	""	""	""	""	""	""	""	""	""	""	""	DCv2	PI533745	PI533745	709.1962	0.7348517	479	440	0.918580375782881
""	""	""	""	""	""	""	""	""	""	""	""	""	""	""	""	""	DCv2	PI533746	PI533746	1482.865	0.9360452	660	578	0.875757575757576
""	""	""	""	""	""	""	""	""	""	""	""	""	""	""	""	""	DCv2	PI533747	PI533747	819.7203	0.8866263	596	549	0.921140939597315
""	""	""	""	""	""	""	""	""	""	""	""	""	""	""	""	""	DCv2	PI533749	PI533749	534.1997	1.16453	534	502	0.940074906367041
""	""	""	""	""	""	""	""	""	""	""	""	""	""	""	""	""	DCv2	PI533750	PI533750	4080.181	0.6357653	672	446	0.663690476190476
""	""	""	""	""	""	""	""	""	""	""	""	""	""	""	""	""	DCv2	PI533751	PI533751	1049.979	1.04725	667	605	0.907046476761619
""	""	""	""	""	""	""	""	""	""	""	""	""	""	""	""	""	DCv2	PI533752	PI533752	1151.293	0.9393704	677	612	0.903988183161004
""	""	""	""	""	""	""	""	""	""	""	""	""	""	""	""	""	DCv2	PI533753	PI533753	580.2514	1.067594	592	559	0.944256756756757
""	""	""	""	""	""	""	""	""	""	""	""	""	""	""	""	""	DCv2	PI533754	PI533754	709.1962	0.8807276	676	631	0.933431952662722
""	""	""	""	""	""	""	""	""	""	""	""	""	""	""	""	""	DCv2	PI533755	PI533755	3453.878	0.6660857	676	485	0.717455621301775
""	""	""	""	""	""	""	""	""	""	""	""	""	""	""	""	""	DCv2	PI533756	PI533756	405.255	0.9449644	670	645	0.962686567164179
""	""	""	""	""	""	""	""	""	""	""	""	""	""	""	""	""	DCv2	PI533757	PI533757	1132.872	0.9125034	677	610	0.901033973412112
""	""	""	""	""	""	""	""	""	""	""	""	""	""	""	""	""	DCv2	PI533758	PI533758	1399.972	0.9226883	677	600	0.886262924667651
""	""	""	""	""	""	""	""	""	""	""	""	""	""	""	""	""	DCv2	PI533759	PI533759	819.7203	1.023386	677	629	0.929098966026588
""	""	""	""	""	""	""	""	""	""	""	""	""	""	""	""	""	DCv2	PI533760	PI533760	1040.768	0.884918	674	616	0.913946587537092
""	""	""	""	""	""	""	""	""	""	""	""	""	""	""	""	""	DCv2	PI533761	PI533761	1510.496	0.8553972	676	590	0.872781065088758
""	""	""	""	""	""	""	""	""	""	""	""	""	""	""	""	""	DCv2	PI533762	PI533762	957.8754	0.8399945	669	614	0.91778774289985
""	""	""	""	""	""	""	""	""	""	""	""	""	""	""	""	""	DCv2	PI533763	PI533763	5268.315	0.8716535	673	382	0.567607726597325
""	""	""	""	""	""	""	""	""	""	""	""	""	""	""	""	""	DCv2	PI533764	PI533764	792.0893	1.39531	421	378	0.897862232779097
""	""	""	""	""	""	""	""	""	""	""	""	""	""	""	""	""	DCv2	PI533765	PI533765	644.7238	1.251966	471	436	0.925690021231422
""	""	""	""	""	""	""	""	""	""	""	""	""	""	""	""	""	DCv2	PI533766	PI533766	782.8789	1.092763	676	628	0.928994082840237
""	""	""	""	""	""	""	""	""	""	""	""	""	""	""	""	""	DCv2	PI533769	PI533769	653.9342	0.8956117	677	639	0.943870014771049
""	""	""	""	""	""	""	""	""	""	""	""	""	""	""	""	""	DCv2	PI533770	PI533770	1123.662	1.046918	672	603	0.897321428571429
""	""	""	""	""	""	""	""	""	""	""	""	""	""	""	""	""	DCv2	PI533771	PI533771	948.6651	1.057185	668	613	0.917664670658683
""	""	""	""	""	""	""	""	""	""	""	""	""	""	""	""	""	DCv2	PI533772	PI533772	2514.423	0.7827391	660	520	0.787878787878788
""	""	""	""	""	""	""	""	""	""	""	""	""	""	""	""	""	DCv2	PI533774	PI533774	1363.13	1.087499	666	590	0.885885885885886
""	""	""	""	""	""	""	""	""	""	""	""	""	""	""	""	""	DCv2	PI533775	PI533775	4301.229	0.7903401	644	409	0.635093167701863
""	""	""	""	""	""	""	""	""	""	""	""	""	""	""	""	""	DCv2	PI533776	PI533776	663.1445	1.223209	677	640	0.945347119645495
""	""	""	""	""	""	""	""	""	""	""	""	""	""	""	""	""	DCv2	PI533777	PI533777	736.8272	0.8378175	572	531	0.928321678321678
""	""	""	""	""	""	""	""	""	""	""	""	""	""	""	""	""	DCv2	PI533778	PI533778	699.9859	1.143465	671	630	0.938897168405365
""	""	""	""	""	""	""	""	""	""	""	""	""	""	""	""	""	DCv2	PI533779	PI533779	5130.16	0.5997087	625	345	0.552
""	""	""	""	""	""	""	""	""	""	""	""	""	""	""	""	""	DCv2	PI533780	PI533780	4070.97	0.835192	667	439	0.658170914542729
""	""	""	""	""	""	""	""	""	""	""	""	""	""	""	""	""	DCv2	PI533781	PI533781	3159.147	0.9995905	666	490	0.735735735735736
""	""	""	""	""	""	""	""	""	""	""	""	""	""	""	""	""	DCv2	PI533783	PI533783	1188.134	1.187268	666	594	0.891891891891892
""	""	""	""	""	""	""	""	""	""	""	""	""	""	""	""	""	DCv2	PI533784	PI533784	994.7168	1.166247	665	610	0.917293233082707
""	""	""	""	""	""	""	""	""	""	""	""	""	""	""	""	""	DCv2	PI533785	PI533785	644.7238	1.176092	676	633	0.936390532544379
""	""	""	""	""	""	""	""	""	""	""	""	""	""	""	""	""	DCv2	PI533786	PI533786	1077.61	1.16756	671	608	0.906110283159463
""	""	""	""	""	""	""	""	""	""	""	""	""	""	""	""	""	DCv2	PI533787	PI533787	4365.701	0.6656949	652	411	0.630368098159509
""	""	""	""	""	""	""	""	""	""	""	""	""	""	""	""	""	DCv2	PI533788	PI533788	4982.794	0.6164986	677	402	0.593796159527327
""	""	""	""	""	""	""	""	""	""	""	""	""	""	""	""	""	DCv2	PI533789	PI533789	893.403	0.8801558	677	624	0.921713441654357
""	""	""	""	""	""	""	""	""	""	""	""	""	""	""	""	""	DCv2	PI533790	PI533790	1197.344	1.058694	670	603	0.9
""	""	""	""	""	""	""	""	""	""	""	""	""	""	""	""	""	DCv2	PI533791	PI533791	810.51	1.106174	669	616	0.920777279521674
""	""	""	""	""	""	""	""	""	""	""	""	""	""	""	""	""	DCv2	PI533792	PI533792	865.772	1.113535	676	627	0.927514792899408
""	""	""	""	""	""	""	""	""	""	""	""	""	""	""	""	""	DCv2	PI533793	PI533793	1096.031	1.020196	672	608	0.904761904761905
""	""	""	""	""	""	""	""	""	""	""	""	""	""	""	""	""	DCv2	PI533794	PI533794	819.7203	0.914893	677	629	0.929098966026588
""	""	""	""	""	""	""	""	""	""	""	""	""	""	""	""	""	DCv2	PI533795	PI533795	1510.496	1.176223	668	581	0.869760479041916
""	""	""	""	""	""	""	""	""	""	""	""	""	""	""	""	""	DCv2	PI533797	PI533797	1261.817	0.861887	672	600	0.892857142857143
""	""	""	""	""	""	""	""	""	""	""	""	""	""	""	""	""	DCv2	PI533798	PI533798	46.0517	1.170036	672	669	0.995535714285714
""	""	""	""	""	""	""	""	""	""	""	""	""	""	""	""	""	DCv2	PI533799	PI533799	1307.868	0.88927	677	604	0.892171344165436
""	""	""	""	""	""	""	""	""	""	""	""	""	""	""	""	""	DCv2	PI533800	PI533800	985.5064	0.9129085	676	609	0.900887573964497
""	""	""	""	""	""	""	""	""	""	""	""	""	""	""	""	""	DCv2	PI533802	PI533802	801.2996	0.8976274	669	623	0.931240657698057
""	""	""	""	""	""	""	""	""	""	""	""	""	""	""	""	""	DCv2	PI533803	PI533803	847.3513	0.8465071	662	613	0.925981873111783
""	""	""	""	""	""	""	""	""	""	""	""	""	""	""	""	""	DCv2	PI533804	PI533804	138.1551	1.218632	620	611	0.985483870967742
""	""	""	""	""	""	""	""	""	""	""	""	""	""	""	""	""	DCv2	PI533807	PI533807	1501.285	1.146653	675	588	0.871111111111111
""	""	""	""	""	""	""	""	""	""	""	""	""	""	""	""	""	DCv2	PI533808	PI533808	1547.337	1.193308	668	577	0.86377245508982
""	""	""	""	""	""	""	""	""	""	""	""	""	""	""	""	""	DCv2	PI533809	PI533809	976.2961	0.826537	666	611	0.917417417417417
""	""	""	""	""	""	""	""	""	""	""	""	""	""	""	""	""	DCv2	PI533810	PI533810	1446.023	0.8382206	677	593	0.875923190546529
""	""	""	""	""	""	""	""	""	""	""	""	""	""	""	""	""	DCv2	PI533811	PI533811	810.51	0.8526303	669	621	0.928251121076233
""	""	""	""	""	""	""	""	""	""	""	""	""	""	""	""	""	DCv2	PI533812	PI533812	1123.662	0.8422703	650	584	0.898461538461539
""	""	""	""	""	""	""	""	""	""	""	""	""	""	""	""	""	DCv2	PI533813	PI533813	764.4583	0.8597102	671	629	0.937406855439642
""	""	""	""	""	""	""	""	""	""	""	""	""	""	""	""	""	DCv2	PI533814	PI533814	1224.975	0.8346916	677	609	0.899556868537666
""	""	""	""	""	""	""	""	""	""	""	""	""	""	""	""	""	DCv2	PI533818	PI533818	856.5617	1.095739	610	561	0.919672131147541
""	""	""	""	""	""	""	""	""	""	""	""	""	""	""	""	""	DCv2	PI533819	PI533819	736.8272	1.518931	668	626	0.937125748502994
""	""	""	""	""	""	""	""	""	""	""	""	""	""	""	""	""	DCv2	PI533821	PI533821	1022.348	1.302057	676	618	0.914201183431953
""	""	""	""	""	""	""	""	""	""	""	""	""	""	""	""	""	DCv2	PI533822	PI533822	911.8237	1.081907	677	622	0.918759231905465
""	""	""	""	""	""	""	""	""	""	""	""	""	""	""	""	""	DCv2	PI533823	PI533823	1077.61	0.8198447	648	588	0.907407407407407
""	""	""	""	""	""	""	""	""	""	""	""	""	""	""	""	""	DCv2	PI533824	PI533824	4365.701	0.5972295	677	437	0.645494830132939
""	""	""	""	""	""	""	""	""	""	""	""	""	""	""	""	""	DCv2	PI533825	PI533825	1049.979	0.897272	669	606	0.905829596412556
""	""	""	""	""	""	""	""	""	""	""	""	""	""	""	""	""	DCv2	PI533828	PI533828	1243.396	0.9467655	671	602	0.897168405365127
""	""	""	""	""	""	""	""	""	""	""	""	""	""	""	""	""	DCv2	PI533829	PI533829	985.5064	0.9909565	663	608	0.917043740573152
""	""	""	""	""	""	""	""	""	""	""	""	""	""	""	""	""	DCv2	PI533830	PI533830	3628.874	0.6363854	591	391	0.661590524534687
""	""	""	""	""	""	""	""	""	""	""	""	""	""	""	""	""	DCv2	PI533831	PI533831	598.6721	0.9666808	677	640	0.945347119645495
""	""	""	""	""	""	""	""	""	""	""	""	""	""	""	""	""	DCv2	PI533833	PI533833	2044.696	0.8456266	653	537	0.822358346094946
""	""	""	""	""	""	""	""	""	""	""	""	""	""	""	""	""	DCv2	PI533835	PI533835	1160.503	0.8569982	554	490	0.884476534296029
""	""	""	""	""	""	""	""	""	""	""	""	""	""	""	""	""	DCv2	PI533836	PI533836	1003.927	0.8717429	551	492	0.892921960072595
""	""	""	""	""	""	""	""	""	""	""	""	""	""	""	""	""	DCv2	PI533837	PI533837	1455.234	0.7375937	649	565	0.870570107858243
""	""	""	""	""	""	""	""	""	""	""	""	""	""	""	""	""	DCv2	PI533838	PI533838	828.9306	0.8583926	676	627	0.927514792899408
""	""	""	""	""	""	""	""	""	""	""	""	""	""	""	""	""	DCv2	PI533840	PI533840	865.772	1.214685	668	620	0.92814371257485
""	""	""	""	""	""	""	""	""	""	""	""	""	""	""	""	""	DCv2	PI533841	PI533841	36.84136	1.176574	663	661	0.996983408748115
""	""	""	""	""	""	""	""	""	""	""	""	""	""	""	""	""	DCv2	PI533842	PI533842	957.8754	0.8790285	677	622	0.918759231905465
""	""	""	""	""	""	""	""	""	""	""	""	""	""	""	""	""	DCv2	PI533843	PI533843	635.5135	1.411149	675	637	0.943703703703704
""	""	""	""	""	""	""	""	""	""	""	""	""	""	""	""	""	DCv2	PI533844	PI533844	727.6169	1.358691	568	526	0.926056338028169
""	""	""	""	""	""	""	""	""	""	""	""	""	""	""	""	""	DCv2	PI533846	PI533846	1114.451	0.8656756	501	438	0.874251497005988
""	""	""	""	""	""	""	""	""	""	""	""	""	""	""	""	""	DCv2	PI533847	PI533847	322.3619	1.25223	518	500	0.965250965250965
""	""	""	""	""	""	""	""	""	""	""	""	""	""	""	""	""	DCv2	PI533848	PI533848	221.0482	1.040947	327	314	0.960244648318043
""	""	""	""	""	""	""	""	""	""	""	""	""	""	""	""	""	DCv2	PI533850	PI533850	755.2479	0.9022372	525	480	0.914285714285714
""	""	""	""	""	""	""	""	""	""	""	""	""	""	""	""	""	DCv2	PI533851	PI533851	681.5652	1.400941	623	584	0.937399678972713
""	""	""	""	""	""	""	""	""	""	""	""	""	""	""	""	""	DCv2	PI533852	PI533852	957.8754	0.8570222	659	603	0.915022761760243
""	""	""	""	""	""	""	""	""	""	""	""	""	""	""	""	""	DCv2	PI533853	PI533853	359.2033	0.8337429	532	512	0.962406015037594
""	""	""	""	""	""	""	""	""	""	""	""	""	""	""	""	""	DCv2	PI533854	PI533854	2468.371	1.039283	592	456	0.77027027027027
""	""	""	""	""	""	""	""	""	""	""	""	""	""	""	""	""	DCv2	PI533855	PI533855	36.84136	1.168814	673	671	0.99702823179792
""	""	""	""	""	""	""	""	""	""	""	""	""	""	""	""	""	DCv2	PI533857	PI533857	1068.399	0.8330023	652	589	0.903374233128834
""	""	""	""	""	""	""	""	""	""	""	""	""	""	""	""	""	DCv2	PI533859	PI533859	718.4065	0.8449741	583	543	0.93138936535163
""	""	""	""	""	""	""	""	""	""	""	""	""	""	""	""	""	DCv2	PI533860	PI533860	1178.924	0.8565519	662	597	0.901812688821752
""	""	""	""	""	""	""	""	""	""	""	""	""	""	""	""	""	DCv2	PI533861	PI533861	653.9342	0.8895394	649	608	0.936825885978428
""	""	""	""	""	""	""	""	""	""	""	""	""	""	""	""	""	DCv2	PI533862	PI533862	6051.194	0.6011633	670	340	0.507462686567164
""	""	""	""	""	""	""	""	""	""	""	""	""	""	""	""	""	DCv2	PI533863	PI533863	1326.289	0.899188	662	585	0.88368580060423
""	""	""	""	""	""	""	""	""	""	""	""	""	""	""	""	""	DCv2	PI533864	PI533864	1206.555	0.8649186	653	587	0.898928024502297
""	""	""	""	""	""	""	""	""	""	""	""	""	""	""	""	""	DCv2	PI533866	PI533866	1446.023	1.125943	670	590	0.880597014925373
""	""	""	""	""	""	""	""	""	""	""	""	""	""	""	""	""	DCv2	PI533867	PI533867	1031.558	0.8140855	556	499	0.897482014388489
""	""	""	""	""	""	""	""	""	""	""	""	""	""	""	""	""	DCv2	PI533869	PI533869	1206.555	1.387513	671	604	0.900149031296572
""	""	""	""	""	""	""	""	""	""	""	""	""	""	""	""	""	DCv2	PI533870	PI533870	1326.289	0.9939695	670	596	0.88955223880597
""	""	""	""	""	""	""	""	""	""	""	""	""	""	""	""	""	DCv2	PI533871	PI533871	911.8237	0.9634695	674	621	0.921364985163205
""	""	""	""	""	""	""	""	""	""	""	""	""	""	""	""	""	DCv2	PI533872	PI533872	699.9859	1.071386	672	633	0.941964285714286
""	""	""	""	""	""	""	""	""	""	""	""	""	""	""	""	""	DCv2	PI533873	PI533873	515.7791	1.077509	592	562	0.949324324324324
""	""	""	""	""	""	""	""	""	""	""	""	""	""	""	""	""	DCv2	PI533874	PI533874	27.63102	1.172087	669	667	0.997010463378176
""	""	""	""	""	""	""	""	""	""	""	""	""	""	""	""	""	DCv2	PI533876	PI533876	3895.974	0.6268148	671	456	0.679582712369598
""	""	""	""	""	""	""	""	""	""	""	""	""	""	""	""	""	DCv2	PI533877	PI533877	1022.348	1.002394	638	579	0.907523510971787
""	""	""	""	""	""	""	""	""	""	""	""	""	""	""	""	""	DCv2	PI533878	PI533878	856.5617	1.194387	677	625	0.923190546528804
""	""	""	""	""	""	""	""	""	""	""	""	""	""	""	""	""	DCv2	PI533880	PI533880	1547.337	1.108168	633	542	0.856240126382307
""	""	""	""	""	""	""	""	""	""	""	""	""	""	""	""	""	DCv2	PI533881	PI533881	884.1927	1.08913	669	621	0.928251121076233
""	""	""	""	""	""	""	""	""	""	""	""	""	""	""	""	""	DCv2	PI533882	PI533882	1446.023	1.004432	677	590	0.871491875923191
""	""	""	""	""	""	""	""	""	""	""	""	""	""	""	""	""	DCv2	PI533884	PI533884	1298.658	1.053794	666	594	0.891891891891892
""	""	""	""	""	""	""	""	""	""	""	""	""	""	""	""	""	DCv2	PI533885	PI533885	847.3513	1.183168	660	609	0.922727272727273
""	""	""	""	""	""	""	""	""	""	""	""	""	""	""	""	""	DCv2	PI533887	PI533887	607.8825	1.142906	616	576	0.935064935064935
""	""	""	""	""	""	""	""	""	""	""	""	""	""	""	""	""	DCv2	PI533888	PI533888	911.8237	1.433945	668	616	0.922155688622755
""	""	""	""	""	""	""	""	""	""	""	""	""	""	""	""	""	DCv2	PI533893	PI533893	488.148	1.186155	605	576	0.952066115702479
""	""	""	""	""	""	""	""	""	""	""	""	""	""	""	""	""	DCv2	PI533894	PI533894	699.9859	1.175094	649	610	0.939907550077042
""	""	""	""	""	""	""	""	""	""	""	""	""	""	""	""	""	DCv2	PI533897	PI533897	598.6721	1.003203	661	628	0.950075642965204
""	""	""	""	""	""	""	""	""	""	""	""	""	""	""	""	""	DCv2	PI533898	PI533898	1086.82	1.075599	671	607	0.904619970193741
""	""	""	""	""	""	""	""	""	""	""	""	""	""	""	""	""	DCv2	PI533899	PI533899	921.034	1.070204	660	608	0.921212121212121
""	""	""	""	""	""	""	""	""	""	""	""	""	""	""	""	""	DCv2	PI533900	PI533900	801.2996	1.065351	670	624	0.93134328358209
""	""	""	""	""	""	""	""	""	""	""	""	""	""	""	""	""	DCv2	PI533901	PI533901	874.9823	0.7859069	677	624	0.921713441654357
""	""	""	""	""	""	""	""	""	""	""	""	""	""	""	""	""	DCv2	PI533903	PI533903	1003.927	0.8620207	676	620	0.917159763313609
""	""	""	""	""	""	""	""	""	""	""	""	""	""	""	""	""	DCv2	PI533904	PI533904	865.772	0.8737207	672	622	0.925595238095238
""	""	""	""	""	""	""	""	""	""	""	""	""	""	""	""	""	DCv2	PI533906	PI533906	884.1927	0.8836777	523	474	0.906309751434035
""	""	""	""	""	""	""	""	""	""	""	""	""	""	""	""	""	DCv2	PI533907	PI533907	1399.972	0.8568882	672	593	0.882440476190476
""	""	""	""	""	""	""	""	""	""	""	""	""	""	""	""	""	DCv2	PI533908	PI533908	607.8825	0.8932204	673	640	0.950965824665676
""	""	""	""	""	""	""	""	""	""	""	""	""	""	""	""	""	DCv2	PI533909	PI533909	396.0446	1.215466	632	610	0.965189873417722
""	""	""	""	""	""	""	""	""	""	""	""	""	""	""	""	""	DCv2	PI533910	PI533910	4273.598	0.6170092	677	440	0.649926144756278
""	""	""	""	""	""	""	""	""	""	""	""	""	""	""	""	""	DCv2	PI533911	PI533911	1197.344	0.8527189	677	607	0.896602658788774
""	""	""	""	""	""	""	""	""	""	""	""	""	""	""	""	""	DCv2	PI533912	PI533912	1142.082	0.8201328	677	608	0.89807976366322
""	""	""	""	""	""	""	""	""	""	""	""	""	""	""	""	""	DCv2	PI533913	PI533913	478.9377	1.083543	677	648	0.957163958641063
""	""	""	""	""	""	""	""	""	""	""	""	""	""	""	""	""	DCv2	PI533914	PI533914	1123.662	1.118028	671	603	0.898658718330849
""	""	""	""	""	""	""	""	""	""	""	""	""	""	""	""	""	DCv2	PI533915	PI533915	1363.13	1.248481	674	592	0.878338278931751
""	""	""	""	""	""	""	""	""	""	""	""	""	""	""	""	""	DCv2	PI533916	PI533916	1685.492	0.8821205	670	572	0.853731343283582
""	""	""	""	""	""	""	""	""	""	""	""	""	""	""	""	""	DCv2	PI533917	PI533917	1132.872	1.196791	655	588	0.897709923664122
""	""	""	""	""	""	""	""	""	""	""	""	""	""	""	""	""	DCv2	PI533918	PI533918	681.5652	1.000389	668	629	0.941616766467066
""	""	""	""	""	""	""	""	""	""	""	""	""	""	""	""	""	DCv2	PI533919	PI533919	967.0857	1.015454	677	622	0.918759231905465
""	""	""	""	""	""	""	""	""	""	""	""	""	""	""	""	""	DCv2	PI533920	PI533920	607.8825	0.8608156	604	570	0.943708609271523
""	""	""	""	""	""	""	""	""	""	""	""	""	""	""	""	""	DCv2	PI533921	PI533921	764.4583	0.8894901	675	628	0.93037037037037
""	""	""	""	""	""	""	""	""	""	""	""	""	""	""	""	""	DCv2	PI533922	PI533922	948.6651	0.8929755	670	617	0.92089552238806
""	""	""	""	""	""	""	""	""	""	""	""	""	""	""	""	""	DCv2	PI533923	PI533923	1197.344	0.7904326	475	409	0.861052631578948
""	""	""	""	""	""	""	""	""	""	""	""	""	""	""	""	""	DCv2	PI533924	PI533924	1178.924	0.8808488	660	593	0.898484848484848
""	""	""	""	""	""	""	""	""	""	""	""	""	""	""	""	""	DCv2	PI533925	PI533925	1096.031	0.8865444	670	609	0.908955223880597
""	""	""	""	""	""	""	""	""	""	""	""	""	""	""	""	""	DCv2	PI533926	PI533926	3711.767	0.6585032	646	441	0.68266253869969
""	""	""	""	""	""	""	""	""	""	""	""	""	""	""	""	""	DCv2	PI533928	PI533928	580.2514	1.355162	654	621	0.94954128440367
""	""	""	""	""	""	""	""	""	""	""	""	""	""	""	""	""	DCv2	PI533929	PI533929	239.4688	1.190781	670	657	0.980597014925373
""	""	""	""	""	""	""	""	""	""	""	""	""	""	""	""	""	DCv2	PI533930	PI533930	819.7203	0.9680907	671	625	0.931445603576751
""	""	""	""	""	""	""	""	""	""	""	""	""	""	""	""	""	DCv2	PI533931	PI533931	985.5064	0.9048552	671	616	0.918032786885246
""	""	""	""	""	""	""	""	""	""	""	""	""	""	""	""	""	DCv2	PI533934	PI533934	810.51	0.8226631	462	416	0.900432900432901
""	""	""	""	""	""	""	""	""	""	""	""	""	""	""	""	""	DCv2	PI533935	PI533935	1013.137	0.7727703	545	489	0.897247706422018
""	""	""	""	""	""	""	""	""	""	""	""	""	""	""	""	""	DCv2	PI533936	PI533936	174.9965	1.19284	676	666	0.985207100591716
""	""	""	""	""	""	""	""	""	""	""	""	""	""	""	""	""	DCv2	PI533937	PI533937	506.5687	0.8455352	677	645	0.952732644017725
""	""	""	""	""	""	""	""	""	""	""	""	""	""	""	""	""	DCv2	PI533938	PI533938	3242.04	0.777334	674	432	0.640949554896142
""	""	""	""	""	""	""	""	""	""	""	""	""	""	""	""	""	DCv2	PI533939	PI533939	3315.723	0.8079729	668	484	0.724550898203593
""	""	""	""	""	""	""	""	""	""	""	""	""	""	""	""	""	DCv2	PI533940	PI533940	322.3619	1.213475	676	656	0.970414201183432
""	""	""	""	""	""	""	""	""	""	""	""	""	""	""	""	""	DCv2	PI533941	PI533941	810.51	1.033012	540	492	0.911111111111111
""	""	""	""	""	""	""	""	""	""	""	""	""	""	""	""	""	DCv2	PI533942	PI533942	865.772	0.8545181	567	518	0.91358024691358
""	""	""	""	""	""	""	""	""	""	""	""	""	""	""	""	""	DCv2	PI533943	PI533943	5213.053	0.6404297	677	393	0.580502215657312
""	""	""	""	""	""	""	""	""	""	""	""	""	""	""	""	""	DCv2	PI533944	PI533944	1713.123	0.8004394	666	571	0.857357357357357
""	""	""	""	""	""	""	""	""	""	""	""	""	""	""	""	""	DCv2	PI533946	PI533946	902.6134	0.8058044	439	390	0.888382687927107
""	""	""	""	""	""	""	""	""	""	""	""	""	""	""	""	""	DCv2	PI533947	PI533947	635.5135	0.8190685	543	507	0.933701657458563
""	""	""	""	""	""	""	""	""	""	""	""	""	""	""	""	""	DCv2	PI533948	PI533948	4724.905	0.5504421	676	415	0.613905325443787
""	""	""	""	""	""	""	""	""	""	""	""	""	""	""	""	""	DCv2	PI533949	PI533949	1224.975	0.8817197	677	607	0.896602658788774
""	""	""	""	""	""	""	""	""	""	""	""	""	""	""	""	""	DCv2	PI533950	PI533950	699.9859	1.139294	492	452	0.91869918699187
""	""	""	""	""	""	""	""	""	""	""	""	""	""	""	""	""	DCv2	PI533952	PI533952	5185.422	0.9621116	663	381	0.574660633484163
""	""	""	""	""	""	""	""	""	""	""	""	""	""	""	""	""	DCv2	PI533953	PI533953	359.2033	1.469587	406	386	0.950738916256158
""	""	""	""	""	""	""	""	""	""	""	""	""	""	""	""	""	DCv2	PI533955	PI533955	617.0928	1.485053	675	639	0.946666666666667
""	""	""	""	""	""	""	""	""	""	""	""	""	""	""	""	""	DCv2	PI533956	PI533956	202.6275	1.273187	675	663	0.982222222222222
""	""	""	""	""	""	""	""	""	""	""	""	""	""	""	""	""	DCv2	PI533957	PI533957	1031.558	0.9152607	677	617	0.911373707533235
""	""	""	""	""	""	""	""	""	""	""	""	""	""	""	""	""	DCv2	PI533958	PI533958	414.4653	0.8830104	552	528	0.956521739130435
""	""	""	""	""	""	""	""	""	""	""	""	""	""	""	""	""	DCv2	PI533960	PI533960	1676.282	0.7655028	656	561	0.855182926829268
""	""	""	""	""	""	""	""	""	""	""	""	""	""	""	""	""	DCv2	PI533961	PI533961	2818.364	0.6939374	659	498	0.755690440060698
""	""	""	""	""	""	""	""	""	""	""	""	""	""	""	""	""	DCv2	PI533962	PI533962	828.9306	0.9557751	677	627	0.926144756277696
""	""	""	""	""	""	""	""	""	""	""	""	""	""	""	""	""	DCv2	PI533963	PI533963	2919.678	0.6672728	655	495	0.755725190839695
""	""	""	""	""	""	""	""	""	""	""	""	""	""	""	""	""	DCv2	PI533964	PI533964	1538.127	0.9140117	677	591	0.872968980797637
""	""	""	""	""	""	""	""	""	""	""	""	""	""	""	""	""	DCv2	PI533965	PI533965	1501.285	1.26305	676	586	0.866863905325444
""	""	""	""	""	""	""	""	""	""	""	""	""	""	""	""	""	DCv2	PI533966	PI533966	1096.031	0.9024309	661	599	0.906202723146747
""	""	""	""	""	""	""	""	""	""	""	""	""	""	""	""	""	DCv2	PI533967	PI533967	874.9823	0.8169608	675	622	0.921481481481482
""	""	""	""	""	""	""	""	""	""	""	""	""	""	""	""	""	DCv2	PI533968	PI533968	985.5064	0.8795502	584	527	0.902397260273973
""	""	""	""	""	""	""	""	""	""	""	""	""	""	""	""	""	DCv2	PI533969	PI533969	810.51	0.9105674	670	624	0.93134328358209
""	""	""	""	""	""	""	""	""	""	""	""	""	""	""	""	""	DCv2	PI533970	PI533970	1142.082	0.8089005	675	609	0.902222222222222
""	""	""	""	""	""	""	""	""	""	""	""	""	""	""	""	""	DCv2	PI533971	PI533971	1888.12	0.825408	634	525	0.82807570977918
""	""	""	""	""	""	""	""	""	""	""	""	""	""	""	""	""	DCv2	PI533974	PI533974	1178.924	0.863541	673	607	0.901931649331352
""	""	""	""	""	""	""	""	""	""	""	""	""	""	""	""	""	DCv2	PI533975	PI533975	663.1445	1.501387	663	625	0.942684766214178
""	""	""	""	""	""	""	""	""	""	""	""	""	""	""	""	""	DCv2	PI533976	PI533976	1031.558	1.070247	677	618	0.912850812407681
""	""	""	""	""	""	""	""	""	""	""	""	""	""	""	""	""	DCv2	PI533977	PI533977	27.63102	1.155627	665	663	0.996992481203008
""	""	""	""	""	""	""	""	""	""	""	""	""	""	""	""	""	DCv2	PI533978	PI533978	1068.399	0.8937851	600	539	0.898333333333333
""	""	""	""	""	""	""	""	""	""	""	""	""	""	""	""	""	DCv2	PI533979	PI533979	36.84136	1.165228	677	674	0.995568685376662
""	""	""	""	""	""	""	""	""	""	""	""	""	""	""	""	""	DCv2	PI533980	PI533980	1980.223	0.9206392	677	564	0.833087149187592
""	""	""	""	""	""	""	""	""	""	""	""	""	""	""	""	""	DCv2	PI533981	PI533981	46.0517	1.171798	670	667	0.995522388059701
""	""	""	""	""	""	""	""	""	""	""	""	""	""	""	""	""	DCv2	PI533982	PI533982	349.9929	1.39109	673	651	0.967310549777117
""	""	""	""	""	""	""	""	""	""	""	""	""	""	""	""	""	DCv2	PI533983	PI533983	635.5135	0.9238938	644	608	0.944099378881988
""	""	""	""	""	""	""	""	""	""	""	""	""	""	""	""	""	DCv2	PI533984	PI533984	534.1997	0.9929497	666	636	0.954954954954955
""	""	""	""	""	""	""	""	""	""	""	""	""	""	""	""	""	DCv2	PI533985	PI533985	1528.917	0.9231232	677	593	0.875923190546529
""	""	""	""	""	""	""	""	""	""	""	""	""	""	""	""	""	DCv2	PI533986	PI533986	73.68272	1.165929	677	672	0.99261447562777
""	""	""	""	""	""	""	""	""	""	""	""	""	""	""	""	""	DCv2	PI533987	PI533987	1040.768	0.8633662	675	617	0.914074074074074
""	""	""	""	""	""	""	""	""	""	""	""	""	""	""	""	""	DCv2	PI533988	PI533988	515.7791	0.9205731	438	410	0.936073059360731
""	""	""	""	""	""	""	""	""	""	""	""	""	""	""	""	""	DCv2	PI533989	PI533989	1215.765	0.8684557	677	599	0.884785819793205
""	""	""	""	""	""	""	""	""	""	""	""	""	""	""	""	""	DCv2	PI533990	PI533990	257.8895	1.171098	436	422	0.967889908256881
""	""	""	""	""	""	""	""	""	""	""	""	""	""	""	""	""	DCv2	PI533991	PI533991	1722.334	0.8551639	675	578	0.856296296296296
""	""	""	""	""	""	""	""	""	""	""	""	""	""	""	""	""	DCv2	PI533992	PI533992	874.9823	0.7965678	585	535	0.914529914529914
""	""	""	""	""	""	""	""	""	""	""	""	""	""	""	""	""	DCv2	PI533993	PI533993	884.1927	0.8447246	672	622	0.925595238095238
""	""	""	""	""	""	""	""	""	""	""	""	""	""	""	""	""	DCv2	PI533994	PI533994	1713.123	0.8094329	672	546	0.8125
""	""	""	""	""	""	""	""	""	""	""	""	""	""	""	""	""	DCv2	PI533995	PI533995	1077.61	0.8906646	646	587	0.908668730650155
""	""	""	""	""	""	""	""	""	""	""	""	""	""	""	""	""	DCv2	PI533996	PI533996	3527.56	0.5410442	677	369	0.545051698670606
""	""	""	""	""	""	""	""	""	""	""	""	""	""	""	""	""	DCv2	PI533997	PI533997	506.5687	1.561894	676	644	0.952662721893491
""	""	""	""	""	""	""	""	""	""	""	""	""	""	""	""	""	DCv2	PI533999	PI533999	939.4547	1.165968	672	617	0.918154761904762
""	""	""	""	""	""	""	""	""	""	""	""	""	""	""	""	""	DCv2	PI534001	PI534001	1086.82	0.9614319	652	591	0.906441717791411
""	""	""	""	""	""	""	""	""	""	""	""	""	""	""	""	""	DCv2	PI534002	PI534002	838.141	0.9988075	611	563	0.921440261865794
""	""	""	""	""	""	""	""	""	""	""	""	""	""	""	""	""	DCv2	PI534004	PI534004	884.1927	0.806154	641	592	0.923556942277691
""	""	""	""	""	""	""	""	""	""	""	""	""	""	""	""	""	DCv2	PI534005	PI534005	884.1927	0.8515503	670	619	0.923880597014925
""	""	""	""	""	""	""	""	""	""	""	""	""	""	""	""	""	DCv2	PI534006	PI534006	819.7203	0.844378	518	472	0.911196911196911
""	""	""	""	""	""	""	""	""	""	""	""	""	""	""	""	""	DCv2	PI534007	PI534007	810.51	0.8848685	672	626	0.931547619047619
""	""	""	""	""	""	""	""	""	""	""	""	""	""	""	""	""	DCv2	PI534008	PI534008	893.403	0.8479648	658	609	0.925531914893617
""	""	""	""	""	""	""	""	""	""	""	""	""	""	""	""	""	DCv2	PI534009	PI534009	4577.539	0.6484832	677	427	0.630723781388479
""	""	""	""	""	""	""	""	""	""	""	""	""	""	""	""	""	DCv2	PI534010	PI534010	635.5135	0.8438902	438	402	0.917808219178082
""	""	""	""	""	""	""	""	""	""	""	""	""	""	""	""	""	DCv2	PI534011	PI534011	303.9412	1.167665	549	532	0.969034608378871
""	""	""	""	""	""	""	""	""	""	""	""	""	""	""	""	""	DCv2	PI534013	PI534013	524.9894	0.809697	570	541	0.949122807017544
""	""	""	""	""	""	""	""	""	""	""	""	""	""	""	""	""	DCv2	PI534014	PI534014	1188.134	0.8349458	599	531	0.886477462437396
""	""	""	""	""	""	""	""	""	""	""	""	""	""	""	""	""	DCv2	PI534015	PI534015	847.3513	0.8462176	665	616	0.926315789473684
""	""	""	""	""	""	""	""	""	""	""	""	""	""	""	""	""	DCv2	PI534016	PI534016	847.3513	0.895675	617	569	0.922204213938412
""	""	""	""	""	""	""	""	""	""	""	""	""	""	""	""	""	DCv2	PI534017	PI534017	1040.768	0.8375839	490	430	0.877551020408163
""	""	""	""	""	""	""	""	""	""	""	""	""	""	""	""	""	DCv2	PI534019	PI534019	773.6686	1.160304	670	621	0.926865671641791
""	""	""	""	""	""	""	""	""	""	""	""	""	""	""	""	""	DCv2	PI534020	PI534020	1740.754	0.7513444	662	564	0.851963746223565
""	""	""	""	""	""	""	""	""	""	""	""	""	""	""	""	""	DCv2	PI534024	PI534024	1160.503	0.8543343	669	600	0.896860986547085
""	""	""	""	""	""	""	""	""	""	""	""	""	""	""	""	""	DCv2	PI534025	PI534025	838.141	0.8608694	665	616	0.926315789473684
""	""	""	""	""	""	""	""	""	""	""	""	""	""	""	""	""	DCv2	PI534028	PI534028	755.2479	0.8461429	677	632	0.933530280649926
""	""	""	""	""	""	""	""	""	""	""	""	""	""	""	""	""	DCv2	PI534030	PI534030	1160.503	0.8702754	663	597	0.900452488687783
""	""	""	""	""	""	""	""	""	""	""	""	""	""	""	""	""	DCv2	PI534032	PI534032	617.0928	0.8174011	636	599	0.941823899371069
""	""	""	""	""	""	""	""	""	""	""	""	""	""	""	""	""	DCv2	PI534035	PI534035	1667.072	0.8191977	664	571	0.859939759036145
""	""	""	""	""	""	""	""	""	""	""	""	""	""	""	""	""	DCv2	PI534036	PI534036	1556.548	0.8430278	624	537	0.860576923076923
""	""	""	""	""	""	""	""	""	""	""	""	""	""	""	""	""	DCv2	PI534037	PI534037	884.1927	1.093003	674	624	0.925816023738872
""	""	""	""	""	""	""	""	""	""	""	""	""	""	""	""	""	DCv2	PI534038	PI534038	1096.031	0.8775314	671	609	0.907600596125186
""	""	""	""	""	""	""	""	""	""	""	""	""	""	""	""	""	DCv2	PI534040	PI534040	414.4653	0.9470516	670	645	0.962686567164179
""	""	""	""	""	""	""	""	""	""	""	""	""	""	""	""	""	DCv2	PI534043	PI534043	755.2479	0.9529253	664	619	0.932228915662651
""	""	""	""	""	""	""	""	""	""	""	""	""	""	""	""	""	DCv2	PI534045	PI534045	1630.23	0.8015307	671	576	0.858420268256334
""	""	""	""	""	""	""	""	""	""	""	""	""	""	""	""	""	DCv2	PI534046	PI534046	985.5064	1.291577	674	618	0.916913946587537
""	""	""	""	""	""	""	""	""	""	""	""	""	""	""	""	""	DCv2	PI534047	PI534047	985.5064	0.9031769	676	617	0.912721893491124
""	""	""	""	""	""	""	""	""	""	""	""	""	""	""	""	""	DCv2	PI534049	PI534049	1188.134	0.92397	670	604	0.901492537313433
""	""	""	""	""	""	""	""	""	""	""	""	""	""	""	""	""	DCv2	PI534050	PI534050	985.5064	0.8719472	665	610	0.917293233082707
""	""	""	""	""	""	""	""	""	""	""	""	""	""	""	""	""	DCv2	PI534051	PI534051	948.6651	0.886541	673	618	0.918276374442793
""	""	""	""	""	""	""	""	""	""	""	""	""	""	""	""	""	DCv2	PI534053	PI534053	1142.082	0.8289325	676	610	0.902366863905325
""	""	""	""	""	""	""	""	""	""	""	""	""	""	""	""	""	DCv2	PI534054	PI534054	414.4653	1.566324	676	652	0.964497041420118
""	""	""	""	""	""	""	""	""	""	""	""	""	""	""	""	""	DCv2	PI534055	PI534055	1132.872	1.211686	671	601	0.895678092399404
""	""	""	""	""	""	""	""	""	""	""	""	""	""	""	""	""	DCv2	PI534057	PI534057	1639.441	0.9223994	640	549	0.8578125
""	""	""	""	""	""	""	""	""	""	""	""	""	""	""	""	""	DCv2	PI534058	PI534058	1114.451	1.344693	671	610	0.909090909090909
""	""	""	""	""	""	""	""	""	""	""	""	""	""	""	""	""	DCv2	PI534059	PI534059	801.2996	1.100667	646	599	0.927244582043344
""	""	""	""	""	""	""	""	""	""	""	""	""	""	""	""	""	DCv2	PI534060	PI534060	211.8378	1.42757	427	415	0.971896955503513
""	""	""	""	""	""	""	""	""	""	""	""	""	""	""	""	""	DCv2	PI534062	PI534062	810.51	0.956539	566	521	0.920494699646643
""	""	""	""	""	""	""	""	""	""	""	""	""	""	""	""	""	DCv2	PI534065	PI534065	1151.293	1.147463	666	601	0.902402402402402
""	""	""	""	""	""	""	""	""	""	""	""	""	""	""	""	""	DCv2	PI534066	PI534066	930.2444	1.083578	672	620	0.922619047619048
""	""	""	""	""	""	""	""	""	""	""	""	""	""	""	""	""	DCv2	PI534067	PI534067	1022.348	1.093452	671	609	0.907600596125186
""	""	""	""	""	""	""	""	""	""	""	""	""	""	""	""	""	DCv2	PI534069	PI534069	801.2996	1.157031	667	620	0.929535232383808
""	""	""	""	""	""	""	""	""	""	""	""	""	""	""	""	""	DCv2	PI534070	PI534070	994.7168	1.0266	676	619	0.915680473372781
""	""	""	""	""	""	""	""	""	""	""	""	""	""	""	""	""	DCv2	PI534072	PI534072	893.403	1.088516	669	617	0.922272047832586
""	""	""	""	""	""	""	""	""	""	""	""	""	""	""	""	""	DCv2	PI534073	PI534073	1381.551	1.019128	672	593	0.882440476190476
""	""	""	""	""	""	""	""	""	""	""	""	""	""	""	""	""	DCv2	PI534074	PI534074	607.8825	1.099689	397	363	0.914357682619647
""	""	""	""	""	""	""	""	""	""	""	""	""	""	""	""	""	DCv2	PI534075	PI534075	4770.956	0.7371754	676	412	0.609467455621302
""	""	""	""	""	""	""	""	""	""	""	""	""	""	""	""	""	DCv2	PI534076	PI534076	690.7755	1.004933	392	353	0.900510204081633
""	""	""	""	""	""	""	""	""	""	""	""	""	""	""	""	""	DCv2	PI534077	PI534077	893.403	1.030671	670	616	0.919402985074627
""	""	""	""	""	""	""	""	""	""	""	""	""	""	""	""	""	DCv2	PI534078	PI534078	1243.396	1.08457	672	599	0.891369047619048
""	""	""	""	""	""	""	""	""	""	""	""	""	""	""	""	""	DCv2	PI534080	PI534080	865.772	1.101804	671	622	0.926974664679583
""	""	""	""	""	""	""	""	""	""	""	""	""	""	""	""	""	DCv2	PI534081	PI534081	313.1516	1.114001	457	438	0.958424507658643
""	""	""	""	""	""	""	""	""	""	""	""	""	""	""	""	""	DCv2	PI534082	PI534082	1178.924	1.129181	671	605	0.901639344262295
""	""	""	""	""	""	""	""	""	""	""	""	""	""	""	""	""	DCv2	PI534083	PI534083	552.6204	1.027542	562	531	0.944839857651246
""	""	""	""	""	""	""	""	""	""	""	""	""	""	""	""	""	DCv2	PI534084	PI534084	1409.182	1.172925	661	583	0.881996974281392
""	""	""	""	""	""	""	""	""	""	""	""	""	""	""	""	""	DCv2	PI534085	PI534085	653.9342	1.173678	654	616	0.941896024464832
""	""	""	""	""	""	""	""	""	""	""	""	""	""	""	""	""	DCv2	PI534087	PI534087	635.5135	1.126028	666	630	0.945945945945946
""	""	""	""	""	""	""	""	""	""	""	""	""	""	""	""	""	DCv2	PI534088	PI534088	5102.529	0.6229948	673	390	0.579494799405646
""	""	""	""	""	""	""	""	""	""	""	""	""	""	""	""	""	DCv2	PI534089	PI534089	957.8754	1.252045	653	600	0.918836140888208
""	""	""	""	""	""	""	""	""	""	""	""	""	""	""	""	""	DCv2	PI534090	PI534090	1105.241	1.040388	671	606	0.903129657228018
""	""	""	""	""	""	""	""	""	""	""	""	""	""	""	""	""	DCv2	PI534091	PI534091	386.8343	1.407734	673	651	0.967310549777117
""	""	""	""	""	""	""	""	""	""	""	""	""	""	""	""	""	DCv2	PI534092	PI534092	1492.075	1.017227	676	593	0.877218934911243
""	""	""	""	""	""	""	""	""	""	""	""	""	""	""	""	""	DCv2	PI534094	PI534094	322.3619	1.313676	641	620	0.967238689547582
""	""	""	""	""	""	""	""	""	""	""	""	""	""	""	""	""	DCv2	PI534096	PI534096	4467.015	0.6337165	673	429	0.637444279346211
""	""	""	""	""	""	""	""	""	""	""	""	""	""	""	""	""	DCv2	PI534097	PI534097	174.9965	1.145593	677	667	0.985228951255539
""	""	""	""	""	""	""	""	""	""	""	""	""	""	""	""	""	DCv2	PI534098	PI534098	5866.987	0.5824079	665	342	0.514285714285714
""	""	""	""	""	""	""	""	""	""	""	""	""	""	""	""	""	DCv2	PI534099	PI534099	1547.337	0.8518026	676	589	0.871301775147929
""	""	""	""	""	""	""	""	""	""	""	""	""	""	""	""	""	DCv2	PI534100	PI534100	27.63102	1.167979	673	671	0.99702823179792
""	""	""	""	""	""	""	""	""	""	""	""	""	""	""	""	""	DCv2	PI534101	PI534101	755.2479	0.871023	634	589	0.929022082018927
""	""	""	""	""	""	""	""	""	""	""	""	""	""	""	""	""	DCv2	PI534102	PI534102	681.5652	1.470063	665	626	0.941353383458647
""	""	""	""	""	""	""	""	""	""	""	""	""	""	""	""	""	DCv2	PI534103	PI534103	9.21034	1.167784	657	656	0.998477929984779
""	""	""	""	""	""	""	""	""	""	""	""	""	""	""	""	""	DCv2	PI534105	PI534105	856.5617	0.8963882	677	628	0.927621861152142
""	""	""	""	""	""	""	""	""	""	""	""	""	""	""	""	""	DCv2	PI534106	PI534106	1224.975	1.097815	594	525	0.883838383838384
""	""	""	""	""	""	""	""	""	""	""	""	""	""	""	""	""	DCv2	PI534107	PI534107	921.034	0.696912	567	517	0.911816578483245
""	""	""	""	""	""	""	""	""	""	""	""	""	""	""	""	""	DCv2	PI534108	PI534108	755.2479	0.988213	646	601	0.930340557275542
""	""	""	""	""	""	""	""	""	""	""	""	""	""	""	""	""	DCv2	PI534109	PI534109	672.3548	0.8728358	673	634	0.942050520059435
""	""	""	""	""	""	""	""	""	""	""	""	""	""	""	""	""	DCv2	PI534110	PI534110	414.4653	0.945882	331	308	0.930513595166163
""	""	""	""	""	""	""	""	""	""	""	""	""	""	""	""	""	DCv2	PI534112	PI534112	4356.491	0.7470103	657	418	0.636225266362253
""	""	""	""	""	""	""	""	""	""	""	""	""	""	""	""	""	DCv2	PI534113	PI534113	1096.031	0.876406	670	607	0.905970149253731
""	""	""	""	""	""	""	""	""	""	""	""	""	""	""	""	""	DCv2	PI534114	PI534114	1307.868	0.9639312	677	604	0.892171344165436
""	""	""	""	""	""	""	""	""	""	""	""	""	""	""	""	""	DCv2	PI534115	PI534115	847.3513	1.006042	676	628	0.928994082840237
""	""	""	""	""	""	""	""	""	""	""	""	""	""	""	""	""	DCv2	PI534117	PI534117	653.9342	1.336374	677	640	0.945347119645495
""	""	""	""	""	""	""	""	""	""	""	""	""	""	""	""	""	DCv2	PI534118	PI534118	1086.82	0.7932266	673	612	0.909361069836553
""	""	""	""	""	""	""	""	""	""	""	""	""	""	""	""	""	DCv2	PI534120	PI534120	884.1927	0.9010755	670	620	0.925373134328358
""	""	""	""	""	""	""	""	""	""	""	""	""	""	""	""	""	DCv2	PI534121	PI534121	4052.55	0.5839877	540	318	0.588888888888889
""	""	""	""	""	""	""	""	""	""	""	""	""	""	""	""	""	DCv2	PI534122	PI534122	755.2479	0.8452875	539	496	0.920222634508349
""	""	""	""	""	""	""	""	""	""	""	""	""	""	""	""	""	DCv2	PI534123	PI534123	1998.644	0.8381189	643	533	0.828926905132193
""	""	""	""	""	""	""	""	""	""	""	""	""	""	""	""	""	DCv2	PI534124	PI534124	2210.482	0.792	672	545	0.811011904761905
""	""	""	""	""	""	""	""	""	""	""	""	""	""	""	""	""	DCv2	PI534127	PI534127	3545.981	0.7281525	671	465	0.692995529061103
""	""	""	""	""	""	""	""	""	""	""	""	""	""	""	""	""	DCv2	PI534128	PI534128	967.0857	0.8987555	675	621	0.92
""	""	""	""	""	""	""	""	""	""	""	""	""	""	""	""	""	DCv2	PI534130	PI534130	2588.106	0.7259766	617	435	0.705024311183144
""	""	""	""	""	""	""	""	""	""	""	""	""	""	""	""	""	DCv2	PI534132	PI534132	55.26204	1.170584	672	669	0.995535714285714
""	""	""	""	""	""	""	""	""	""	""	""	""	""	""	""	""	DCv2	PI534133	PI534133	1151.293	0.8870579	677	611	0.902511078286558
""	""	""	""	""	""	""	""	""	""	""	""	""	""	""	""	""	DCv2	PI534134	PI534134	764.4583	0.9021517	673	630	0.936106983655275
""	""	""	""	""	""	""	""	""	""	""	""	""	""	""	""	""	DCv2	PI534135	PI534135	4080.181	0.6925416	677	453	0.669128508124077
""	""	""	""	""	""	""	""	""	""	""	""	""	""	""	""	""	DCv2	PI534136	PI534136	939.4547	0.8869707	672	619	0.921130952380952
""	""	""	""	""	""	""	""	""	""	""	""	""	""	""	""	""	DCv2	PI534137	PI534137	1206.555	0.8602956	677	607	0.896602658788774
""	""	""	""	""	""	""	""	""	""	""	""	""	""	""	""	""	DCv2	PI534139	PI534139	3499.929	0.7096252	677	450	0.664697193500739
""	""	""	""	""	""	""	""	""	""	""	""	""	""	""	""	""	DCv2	PI534141	PI534141	1381.551	1.22884	670	592	0.883582089552239
""	""	""	""	""	""	""	""	""	""	""	""	""	""	""	""	""	DCv2	PI534142	PI534142	994.7168	1.280999	666	606	0.90990990990991
""	""	""	""	""	""	""	""	""	""	""	""	""	""	""	""	""	DCv2	PI534144	PI534144	1105.241	1.353775	645	581	0.90077519379845
""	""	""	""	""	""	""	""	""	""	""	""	""	""	""	""	""	DCv2	PI534146	PI534146	1003.927	0.9412331	650	593	0.912307692307692
""	""	""	""	""	""	""	""	""	""	""	""	""	""	""	""	""	DCv2	PI534147	PI534147	626.3031	0.8715679	579	544	0.939550949913644
""	""	""	""	""	""	""	""	""	""	""	""	""	""	""	""	""	DCv2	PI534148	PI534148	2689.419	0.7552524	664	516	0.77710843373494
""	""	""	""	""	""	""	""	""	""	""	""	""	""	""	""	""	DCv2	PI534150	PI534150	423.6757	1.597078	654	631	0.964831804281346
""	""	""	""	""	""	""	""	""	""	""	""	""	""	""	""	""	DCv2	PI534151	PI534151	727.6169	0.838783	673	631	0.937592867756315
""	""	""	""	""	""	""	""	""	""	""	""	""	""	""	""	""	DCv2	PI534153	PI534153	994.7168	0.8935155	672	616	0.916666666666667
""	""	""	""	""	""	""	""	""	""	""	""	""	""	""	""	""	DCv2	PI534154	PI534154	1206.555	0.7902573	672	604	0.898809523809524
""	""	""	""	""	""	""	""	""	""	""	""	""	""	""	""	""	DCv2	PI534155	PI534155	1160.503	1.037822	676	608	0.899408284023669
""	""	""	""	""	""	""	""	""	""	""	""	""	""	""	""	""	DCv2	PI534156	PI534156	3131.516	0.6871122	670	499	0.744776119402985
""	""	""	""	""	""	""	""	""	""	""	""	""	""	""	""	""	DCv2	PI534157	PI534157	1768.385	0.7875845	647	550	0.850077279752705
""	""	""	""	""	""	""	""	""	""	""	""	""	""	""	""	""	DCv2	PI534158	PI534158	4743.325	0.6071374	672	414	0.616071428571429
""	""	""	""	""	""	""	""	""	""	""	""	""	""	""	""	""	DCv2	PI534159	PI534159	294.7309	0.8968875	659	643	0.975720789074355
""	""	""	""	""	""	""	""	""	""	""	""	""	""	""	""	""	DCv2	PI534160	PI534160	36.84136	1.167356	673	670	0.99554234769688
""	""	""	""	""	""	""	""	""	""	""	""	""	""	""	""	""	DCv2	PI534162	PI534162	1427.603	0.8501921	671	588	0.876304023845007
""	""	""	""	""	""	""	""	""	""	""	""	""	""	""	""	""	DCv2	PI534163	PI534163	1317.079	0.9216681	677	602	0.889217134416544
""	""	""	""	""	""	""	""	""	""	""	""	""	""	""	""	""	DCv2	PI534164	PI534164	1096.031	1.169866	670	610	0.91044776119403
""	""	""	""	""	""	""	""	""	""	""	""	""	""	""	""	""	DCv2	PI534165	PI534165	939.4547	0.8774077	639	586	0.917057902973396
""	""	""	""	""	""	""	""	""	""	""	""	""	""	""	""	""	DCv2	PI534166	PI534166	3665.715	0.7053898	669	465	0.695067264573991
""	""	""	""	""	""	""	""	""	""	""	""	""	""	""	""	""	DCv2	PI534167	PI534167	782.8789	0.9060224	677	632	0.933530280649926
""	""	""	""	""	""	""	""	""	""	""	""	""	""	""	""	""	DCv2	PI542406	PI542406	1574.968	0.8119639	676	588	0.869822485207101
""	""	""	""	""	""	""	""	""	""	""	""	""	""	""	""	""	DCv2	PI542718	PI542718	589.4618	0.9791358	676	641	0.948224852071006
""	""	""	""	""	""	""	""	""	""	""	""	""	""	""	""	""	DCv2	PI548797	PI548797	64.47238	1.165757	677	672	0.99261447562777
""	""	""	""	""	""	""	""	""	""	""	""	""	""	""	""	""	DCv2	PI552861	PI552861	27.63102	1.159449	679	676	0.995581737849779
""	""	""	""	""	""	""	""	""	""	""	""	""	""	""	""	""	DCv2	PI561071	PI561071	36.84136	1.162723	677	674	0.995568685376662
""	""	""	""	""	""	""	""	""	""	""	""	""	""	""	""	""	DCv2	PI561072	PI561072	1943.382	0.9515782	677	570	0.841949778434269
""	""	""	""	""	""	""	""	""	""	""	""	""	""	""	""	""	DCv2	PI561073	PI561073	1473.654	0.9430427	677	589	0.870014771048744
""	""	""	""	""	""	""	""	""	""	""	""	""	""	""	""	""	DCv2	PI564163	PI564163	248.6792	1.143704	677	654	0.96602658788774
""	""	""	""	""	""	""	""	""	""	""	""	""	""	""	""	""	DCv2	PI564164	PI564164	1215.765	0.8772418	675	593	0.878518518518519
""	""	""	""	""	""	""	""	""	""	""	""	""	""	""	""	""	DCv2	PI564165	PI564165	764.4583	0.9179055	677	632	0.933530280649926
""	""	""	""	""	""	""	""	""	""	""	""	""	""	""	""	""	DCv2	PI565121	PI565121	55.26204	1.164458	677	673	0.994091580502216
""	""	""	""	""	""	""	""	""	""	""	""	""	""	""	""	""	DCv2	PI576130	PI576130	27.63102	1.171561	665	663	0.996992481203008
""	""	""	""	""	""	""	""	""	""	""	""	""	""	""	""	""	DCv2	PI576328	PI576328	1086.82	0.86248	672	611	0.909226190476191
""	""	""	""	""	""	""	""	""	""	""	""	""	""	""	""	""	DCv2	PI576329	PI576329	36.84136	1.171016	673	671	0.99702823179792
""	""	""	""	""	""	""	""	""	""	""	""	""	""	""	""	""	DCv2	PI576330	PI576330	939.4547	1.404261	669	618	0.923766816143498
""	""	""	""	""	""	""	""	""	""	""	""	""	""	""	""	""	DCv2	PI576332	PI576332	497.3584	1.007779	676	646	0.955621301775148
""	""	""	""	""	""	""	""	""	""	""	""	""	""	""	""	""	DCv2	PI576333	PI576333	571.0411	0.8572065	677	644	0.951255539143279
""	""	""	""	""	""	""	""	""	""	""	""	""	""	""	""	""	DCv2	PI576334	PI576334	5001.215	0.6988439	670	396	0.591044776119403
""	""	""	""	""	""	""	""	""	""	""	""	""	""	""	""	""	DCv2	PI576335	PI576335	3573.612	0.6222276	668	471	0.705089820359282
""	""	""	""	""	""	""	""	""	""	""	""	""	""	""	""	""	DCv2	PI576338	PI576338	469.7274	1.488802	645	618	0.958139534883721
""	""	""	""	""	""	""	""	""	""	""	""	""	""	""	""	""	DCv2	PI576339	PI576339	423.6757	0.9444186	676	650	0.961538461538461
""	""	""	""	""	""	""	""	""	""	""	""	""	""	""	""	""	DCv2	PI576340	PI576340	506.5687	0.8578255	677	646	0.954209748892171
""	""	""	""	""	""	""	""	""	""	""	""	""	""	""	""	""	DCv2	PI576343	PI576343	976.2961	1.1636	643	589	0.91601866251944
""	""	""	""	""	""	""	""	""	""	""	""	""	""	""	""	""	DCv2	PI576345	PI576345	460.517	0.9300623	676	647	0.957100591715976
""	""	""	""	""	""	""	""	""	""	""	""	""	""	""	""	""	DCv2	PI576346	PI576346	3030.202	0.8156313	662	497	0.750755287009064
""	""	""	""	""	""	""	""	""	""	""	""	""	""	""	""	""	DCv2	PI576347	PI576347	1271.027	1.014272	651	576	0.884792626728111
""	""	""	""	""	""	""	""	""	""	""	""	""	""	""	""	""	DCv2	PI576349	PI576349	2661.788	0.8154228	673	523	0.777117384843982
""	""	""	""	""	""	""	""	""	""	""	""	""	""	""	""	""	DCv2	PI576351	PI576351	1482.865	0.8511265	671	586	0.873323397913562
""	""	""	""	""	""	""	""	""	""	""	""	""	""	""	""	""	DCv2	PI576352	PI576352	55.26204	1.18866	677	673	0.994091580502216
""	""	""	""	""	""	""	""	""	""	""	""	""	""	""	""	""	DCv2	PI576358	PI576358	1390.761	0.8137834	669	587	0.877428998505232
""	""	""	""	""	""	""	""	""	""	""	""	""	""	""	""	""	DCv2	PI576359	PI576359	764.4583	0.8572268	677	634	0.936484490398818
""	""	""	""	""	""	""	""	""	""	""	""	""	""	""	""	""	DCv2	PI576360	PI576360	884.1927	0.8221638	670	620	0.925373134328358
""	""	""	""	""	""	""	""	""	""	""	""	""	""	""	""	""	DCv2	PI576361	PI576361	957.8754	0.7886874	660	606	0.918181818181818
""	""	""	""	""	""	""	""	""	""	""	""	""	""	""	""	""	DCv2	PI576362	PI576362	681.5652	0.8421237	447	410	0.917225950782998
""	""	""	""	""	""	""	""	""	""	""	""	""	""	""	""	""	DCv2	PI576363	PI576363	653.9342	0.8696112	626	588	0.939297124600639
""	""	""	""	""	""	""	""	""	""	""	""	""	""	""	""	""	DCv2	PI576364	PI576364	349.9929	1.174846	676	655	0.968934911242604
""	""	""	""	""	""	""	""	""	""	""	""	""	""	""	""	""	DCv2	PI576366	PI576366	18.42068	1.163515	677	675	0.997045790251108
""	""	""	""	""	""	""	""	""	""	""	""	""	""	""	""	""	DCv2	PI576368	PI576368	2339.426	0.8150994	662	533	0.805135951661631
""	""	""	""	""	""	""	""	""	""	""	""	""	""	""	""	""	DCv2	PI576369	PI576369	709.1962	1.143077	672	632	0.940476190476191
""	""	""	""	""	""	""	""	""	""	""	""	""	""	""	""	""	DCv2	PI576370	PI576370	773.6686	0.9778315	671	627	0.934426229508197
""	""	""	""	""	""	""	""	""	""	""	""	""	""	""	""	""	DCv2	PI576371	PI576371	1197.344	0.9222718	639	571	0.89358372456964
""	""	""	""	""	""	""	""	""	""	""	""	""	""	""	""	""	DCv2	PI576372	PI576372	1399.972	1.01282	669	587	0.877428998505232
""	""	""	""	""	""	""	""	""	""	""	""	""	""	""	""	""	DCv2	PI576373	PI576373	64.47238	1.165132	677	672	0.99261447562777
""	""	""	""	""	""	""	""	""	""	""	""	""	""	""	""	""	DCv2	PI576374	PI576374	792.0893	0.9000189	655	608	0.92824427480916
""	""	""	""	""	""	""	""	""	""	""	""	""	""	""	""	""	DCv2	PI576375	PI576375	1372.341	0.8575449	677	597	0.881831610044313
""	""	""	""	""	""	""	""	""	""	""	""	""	""	""	""	""	DCv2	PI576376	PI576376	1031.558	0.8777537	666	606	0.90990990990991
""	""	""	""	""	""	""	""	""	""	""	""	""	""	""	""	""	DCv2	PI576378	PI576378	3011.781	0.6748144	670	393	0.586567164179105
""	""	""	""	""	""	""	""	""	""	""	""	""	""	""	""	""	DCv2	PI576382	PI576382	73.68272	1.262615	658	654	0.993920972644377
""	""	""	""	""	""	""	""	""	""	""	""	""	""	""	""	""	DCv2	PI576383	PI576383	1630.23	1.127879	672	582	0.866071428571429
""	""	""	""	""	""	""	""	""	""	""	""	""	""	""	""	""	DCv2	PI576385	PI576385	4485.436	0.7830252	677	428	0.632200886262925
""	""	""	""	""	""	""	""	""	""	""	""	""	""	""	""	""	DCv2	PI576386	PI576386	2035.485	0.847793	677	563	0.831610044313146
""	""	""	""	""	""	""	""	""	""	""	""	""	""	""	""	""	DCv2	PI576387	PI576387	1206.555	0.9337696	677	609	0.899556868537666
""	""	""	""	""	""	""	""	""	""	""	""	""	""	""	""	""	DCv2	PI576389	PI576389	303.9412	1.191233	673	654	0.971768202080238
""	""	""	""	""	""	""	""	""	""	""	""	""	""	""	""	""	DCv2	PI576390	PI576390	1602.599	0.7980897	677	589	0.870014771048744
""	""	""	""	""	""	""	""	""	""	""	""	""	""	""	""	""	DCv2	PI576391	PI576391	4669.643	0.5331511	677	422	0.623338257016248
""	""	""	""	""	""	""	""	""	""	""	""	""	""	""	""	""	DCv2	PI576392	PI576392	515.7791	0.8535859	671	641	0.955290611028316
""	""	""	""	""	""	""	""	""	""	""	""	""	""	""	""	""	DCv2	PI576393	PI576393	27.63102	1.171976	672	669	0.995535714285714
""	""	""	""	""	""	""	""	""	""	""	""	""	""	""	""	""	DCv2	PI576394	PI576394	5019.636	0.696737	632	357	0.564873417721519
""	""	""	""	""	""	""	""	""	""	""	""	""	""	""	""	""	DCv2	PI576395	PI576395	36.84136	1.168813	672	669	0.995535714285714
""	""	""	""	""	""	""	""	""	""	""	""	""	""	""	""	""	DCv2	PI576396	PI576396	1068.399	0.9066862	676	614	0.908284023668639
""	""	""	""	""	""	""	""	""	""	""	""	""	""	""	""	""	DCv2	PI576397	PI576397	552.6204	0.9491689	671	638	0.950819672131147
""	""	""	""	""	""	""	""	""	""	""	""	""	""	""	""	""	DCv2	PI576398	PI576398	405.255	0.9420201	407	384	0.943488943488943
""	""	""	""	""	""	""	""	""	""	""	""	""	""	""	""	""	DCv2	PI576399	PI576399	1077.61	1.038219	676	613	0.906804733727811
""	""	""	""	""	""	""	""	""	""	""	""	""	""	""	""	""	DCv2	PI576400	PI576400	9.21034	1.147413	626	625	0.998402555910543
""	""	""	""	""	""	""	""	""	""	""	""	""	""	""	""	""	DCv2	PI576401	PI576401	1740.754	0.8766592	677	580	0.85672082717873
""	""	""	""	""	""	""	""	""	""	""	""	""	""	""	""	""	DCv2	PI576402	PI576402	902.6134	0.8919167	651	599	0.920122887864823
""	""	""	""	""	""	""	""	""	""	""	""	""	""	""	""	""	DCv2	PI576403	PI576403	1602.599	0.9110621	671	581	0.865871833084948
""	""	""	""	""	""	""	""	""	""	""	""	""	""	""	""	""	DCv2	PI576405	PI576405	690.7755	1.46989	667	628	0.941529235382309
""	""	""	""	""	""	""	""	""	""	""	""	""	""	""	""	""	DCv2	PI576406	PI576406	865.772	0.8286364	671	617	0.919523099850969
""	""	""	""	""	""	""	""	""	""	""	""	""	""	""	""	""	DCv2	PI576407	PI576407	1335.499	0.840262	599	523	0.873121869782972
""	""	""	""	""	""	""	""	""	""	""	""	""	""	""	""	""	DCv2	PI576409	PI576409	1307.868	1.086715	667	592	0.887556221889055
""	""	""	""	""	""	""	""	""	""	""	""	""	""	""	""	""	DCv2	PI576410	PI576410	469.7274	1.509878	483	456	0.944099378881988
""	""	""	""	""	""	""	""	""	""	""	""	""	""	""	""	""	DCv2	PI576412	PI576412	930.2444	0.7167499	553	500	0.904159132007233
""	""	""	""	""	""	""	""	""	""	""	""	""	""	""	""	""	DCv2	PI576413	PI576413	543.4101	0.9836677	670	640	0.955223880597015
""	""	""	""	""	""	""	""	""	""	""	""	""	""	""	""	""	DCv2	PI576414	PI576414	1455.234	0.9187952	586	506	0.863481228668942
""	""	""	""	""	""	""	""	""	""	""	""	""	""	""	""	""	DCv2	PI576415	PI576415	1344.71	0.8312828	670	595	0.888059701492537
""	""	""	""	""	""	""	""	""	""	""	""	""	""	""	""	""	DCv2	PI576416	PI576416	1049.979	0.9887649	671	611	0.910581222056632
""	""	""	""	""	""	""	""	""	""	""	""	""	""	""	""	""	DCv2	PI576417	PI576417	819.7203	1.190417	669	623	0.931240657698057
""	""	""	""	""	""	""	""	""	""	""	""	""	""	""	""	""	DCv2	PI576418	PI576418	1261.817	1.131307	676	605	0.894970414201183
""	""	""	""	""	""	""	""	""	""	""	""	""	""	""	""	""	DCv2	PI576419	PI576419	1132.872	1.101198	670	602	0.898507462686567
""	""	""	""	""	""	""	""	""	""	""	""	""	""	""	""	""	DCv2	PI576420	PI576420	5028.846	0.5226352	597	320	0.536013400335008
""	""	""	""	""	""	""	""	""	""	""	""	""	""	""	""	""	DCv2	PI576421	PI576421	1224.975	1.25747	669	599	0.895366218236173
""	""	""	""	""	""	""	""	""	""	""	""	""	""	""	""	""	DCv2	PI576424	PI576424	819.7203	0.9459061	658	610	0.927051671732523
""	""	""	""	""	""	""	""	""	""	""	""	""	""	""	""	""	DCv2	PI576425	PI576425	1160.503	0.8284308	664	601	0.905120481927711
""	""	""	""	""	""	""	""	""	""	""	""	""	""	""	""	""	DCv2	PI576426	PI576426	884.1927	0.9629736	677	625	0.923190546528804
""	""	""	""	""	""	""	""	""	""	""	""	""	""	""	""	""	DCv2	PI576427	PI576427	3545.981	0.7493281	673	478	0.710252600297177
""	""	""	""	""	""	""	""	""	""	""	""	""	""	""	""	""	DCv2	PI576429	PI576429	1049.979	0.8917816	666	604	0.906906906906907
""	""	""	""	""	""	""	""	""	""	""	""	""	""	""	""	""	DCv2	PI576431	PI576431	1399.972	0.8236984	663	585	0.882352941176471
""	""	""	""	""	""	""	""	""	""	""	""	""	""	""	""	""	DCv2	PI576432	PI576432	1142.082	0.7501038	605	539	0.890909090909091
""	""	""	""	""	""	""	""	""	""	""	""	""	""	""	""	""	DCv2	PI576433	PI576433	1363.13	0.8608023	671	595	0.886736214605067
""	""	""	""	""	""	""	""	""	""	""	""	""	""	""	""	""	DCv2	PI576434	PI576434	1114.451	1.204175	677	611	0.902511078286558
""	""	""	""	""	""	""	""	""	""	""	""	""	""	""	""	""	DCv2	PI576435	PI576435	967.0857	0.8793373	677	621	0.917282127031019
""	""	""	""	""	""	""	""	""	""	""	""	""	""	""	""	""	DCv2	PI576436	PI576436	313.1516	0.9461244	514	496	0.964980544747082
""	""	""	""	""	""	""	""	""	""	""	""	""	""	""	""	""	DCv2	PI576437	PI576437	55.26204	1.166588	677	673	0.994091580502216
""	""	""	""	""	""	""	""	""	""	""	""	""	""	""	""	""	DCv2	PI585295	PI585295	5811.725	0.5240866	677	356	0.525849335302807
""	""	""	""	""	""	""	""	""	""	""	""	""	""	""	""	""	DCv2	PI595699	PI595699	1206.555	0.8511918	675	606	0.897777777777778
""	""	""	""	""	""	""	""	""	""	""	""	""	""	""	""	""	DCv2	PI595700	PI595700	930.2444	0.847916	671	616	0.918032786885246
""	""	""	""	""	""	""	""	""	""	""	""	""	""	""	""	""	DCv2	PI595701	PI595701	442.0963	1.376283	661	634	0.959152798789713
""	""	""	""	""	""	""	""	""	""	""	""	""	""	""	""	""	DCv2	PI595703	PI595703	4918.322	0.72188	666	396	0.594594594594595
""	""	""	""	""	""	""	""	""	""	""	""	""	""	""	""	""	DCv2	PI595704	PI595704	967.0857	0.9121849	671	618	0.921013412816692
""	""	""	""	""	""	""	""	""	""	""	""	""	""	""	""	""	DCv2	PI595705	PI595705	856.5617	0.7983224	614	565	0.920195439739414
""	""	""	""	""	""	""	""	""	""	""	""	""	""	""	""	""	DCv2	PI595706	PI595706	1390.761	0.7645529	565	484	0.856637168141593
""	""	""	""	""	""	""	""	""	""	""	""	""	""	""	""	""	DCv2	PI595708	PI595708	644.7238	0.9632908	671	634	0.944858420268256
""	""	""	""	""	""	""	""	""	""	""	""	""	""	""	""	""	DCv2	PI595710	PI595710	893.403	0.8292063	653	602	0.921898928024502
""	""	""	""	""	""	""	""	""	""	""	""	""	""	""	""	""	DCv2	PI595711	PI595711	488.148	0.9880279	673	642	0.953937592867756
""	""	""	""	""	""	""	""	""	""	""	""	""	""	""	""	""	DCv2	PI595712	PI595712	5673.57	0.968411	670	358	0.534328358208955
""	""	""	""	""	""	""	""	""	""	""	""	""	""	""	""	""	DCv2	PI595713	PI595713	1261.817	0.853004	665	593	0.891729323308271
""	""	""	""	""	""	""	""	""	""	""	""	""	""	""	""	""	DCv2	PI595714	PI595714	939.4547	0.9114108	676	624	0.923076923076923
""	""	""	""	""	""	""	""	""	""	""	""	""	""	""	""	""	DCv2	PI595715	PI595715	2698.63	0.7431656	663	516	0.778280542986425
""	""	""	""	""	""	""	""	""	""	""	""	""	""	""	""	""	DCv2	PI595716	PI595716	1510.496	0.7429462	662	572	0.86404833836858
""	""	""	""	""	""	""	""	""	""	""	""	""	""	""	""	""	DCv2	PI595717	PI595717	782.8789	0.842184	662	617	0.93202416918429
""	""	""	""	""	""	""	""	""	""	""	""	""	""	""	""	""	DCv2	PI595718	PI595718	1510.496	0.8649818	677	591	0.872968980797637
""	""	""	""	""	""	""	""	""	""	""	""	""	""	""	""	""	DCv2	PI595719	PI595719	36.84136	1.170165	673	671	0.99702823179792
""	""	""	""	""	""	""	""	""	""	""	""	""	""	""	""	""	DCv2	PI595720	PI595720	939.4547	0.8221333	677	622	0.918759231905465
""	""	""	""	""	""	""	""	""	""	""	""	""	""	""	""	""	DCv2	PI595721	PI595721	1169.713	0.8093275	666	597	0.896396396396396
""	""	""	""	""	""	""	""	""	""	""	""	""	""	""	""	""	DCv2	PI595722	PI595722	1188.134	0.8523569	666	598	0.897897897897898
""	""	""	""	""	""	""	""	""	""	""	""	""	""	""	""	""	DCv2	PI595724	PI595724	1482.865	0.8502445	666	580	0.870870870870871
""	""	""	""	""	""	""	""	""	""	""	""	""	""	""	""	""	DCv2	PI595725	PI595725	727.6169	0.9378281	619	574	0.927302100161551
""	""	""	""	""	""	""	""	""	""	""	""	""	""	""	""	""	DCv2	PI595726	PI595726	1768.385	1.082668	661	553	0.83661119515885
""	""	""	""	""	""	""	""	""	""	""	""	""	""	""	""	""	DCv2	PI595727	PI595727	368.4136	1.47485	669	649	0.970104633781764
""	""	""	""	""	""	""	""	""	""	""	""	""	""	""	""	""	DCv2	PI595728	PI595728	967.0857	0.8813366	667	614	0.920539730134933
""	""	""	""	""	""	""	""	""	""	""	""	""	""	""	""	""	DCv2	PI595729	PI595729	4770.956	1.00296	671	411	0.612518628912072
""	""	""	""	""	""	""	""	""	""	""	""	""	""	""	""	""	DCv2	PI595730	PI595730	4909.111	0.6164061	658	384	0.583586626139818
""	""	""	""	""	""	""	""	""	""	""	""	""	""	""	""	""	DCv2	PI595731	PI595731	1280.237	0.8778614	668	592	0.88622754491018
""	""	""	""	""	""	""	""	""	""	""	""	""	""	""	""	""	DCv2	PI595732	PI595732	681.5652	0.9379729	612	572	0.934640522875817
""	""	""	""	""	""	""	""	""	""	""	""	""	""	""	""	""	DCv2	PI595733	PI595733	1013.137	0.9497337	670	614	0.916417910447761
""	""	""	""	""	""	""	""	""	""	""	""	""	""	""	""	""	DCv2	PI595734	PI595734	1215.765	0.947319	667	599	0.898050974512744
""	""	""	""	""	""	""	""	""	""	""	""	""	""	""	""	""	DCv2	PI595735	PI595735	746.0376	1.008121	673	631	0.937592867756315
""	""	""	""	""	""	""	""	""	""	""	""	""	""	""	""	""	DCv2	PI595736	PI595736	801.2996	0.9621719	671	625	0.931445603576751
""	""	""	""	""	""	""	""	""	""	""	""	""	""	""	""	""	DCv2	PI595737	PI595737	1169.713	0.9464648	670	602	0.898507462686567
""	""	""	""	""	""	""	""	""	""	""	""	""	""	""	""	""	DCv2	PI595738	PI595738	930.2444	1.015325	650	592	0.910769230769231
""	""	""	""	""	""	""	""	""	""	""	""	""	""	""	""	""	DCv2	PI595739	PI595739	580.2514	0.9449255	676	642	0.949704142011834
""	""	""	""	""	""	""	""	""	""	""	""	""	""	""	""	""	DCv2	PI595740	PI595740	2956.519	0.7774272	580	416	0.717241379310345
""	""	""	""	""	""	""	""	""	""	""	""	""	""	""	""	""	DCv2	PI595741	PI595741	506.5687	1.042817	674	644	0.955489614243323
""	""	""	""	""	""	""	""	""	""	""	""	""	""	""	""	""	DCv2	PI595743	PI595743	4678.853	0.7261403	669	411	0.614349775784753
""	""	""	""	""	""	""	""	""	""	""	""	""	""	""	""	""	DCv2	PI595744	PI595744	377.624	1.466917	676	654	0.967455621301775
""	""	""	""	""	""	""	""	""	""	""	""	""	""	""	""	""	DCv2	PI595746	PI595746	1934.171	0.7276549	562	454	0.807829181494662
""	""	""	""	""	""	""	""	""	""	""	""	""	""	""	""	""	DCv2	PI595747	PI595747	773.6686	1.175317	668	623	0.932634730538922
""	""	""	""	""	""	""	""	""	""	""	""	""	""	""	""	""	DCv2	PI595748	PI595748	653.9342	0.974695	666	628	0.942942942942943
""	""	""	""	""	""	""	""	""	""	""	""	""	""	""	""	""	DCv2	PI597943	PI597943	1188.134	0.8415634	672	601	0.894345238095238
""	""	""	""	""	""	""	""	""	""	""	""	""	""	""	""	""	DCv2	PI597944	PI597944	5010.425	0.6792959	672	396	0.589285714285714
""	""	""	""	""	""	""	""	""	""	""	""	""	""	""	""	""	DCv2	PI597945	PI597945	6419.607	0.4293653	652	302	0.46319018404908
""	""	""	""	""	""	""	""	""	""	""	""	""	""	""	""	""	DCv2	PI597946	PI597946	423.6757	1.163858	677	652	0.963072378138848
""	""	""	""	""	""	""	""	""	""	""	""	""	""	""	""	""	DCv2	PI597947	PI597947	672.3548	0.9883055	594	557	0.937710437710438
""	""	""	""	""	""	""	""	""	""	""	""	""	""	""	""	""	DCv2	PI597949	PI597949	782.8789	0.9690509	677	632	0.933530280649926
""	""	""	""	""	""	""	""	""	""	""	""	""	""	""	""	""	DCv2	PI597951	PI597951	1178.924	1.134601	676	610	0.902366863905325
""	""	""	""	""	""	""	""	""	""	""	""	""	""	""	""	""	DCv2	PI597952	PI597952	3564.402	0.7537428	660	466	0.706060606060606
""	""	""	""	""	""	""	""	""	""	""	""	""	""	""	""	""	DCv2	PI597953	PI597953	1860.489	0.9535402	663	556	0.838612368024133
""	""	""	""	""	""	""	""	""	""	""	""	""	""	""	""	""	DCv2	PI597955	PI597955	1068.399	1.270074	634	572	0.902208201892745
""	""	""	""	""	""	""	""	""	""	""	""	""	""	""	""	""	DCv2	PI597956	PI597956	838.141	1.161086	655	604	0.922137404580153
""	""	""	""	""	""	""	""	""	""	""	""	""	""	""	""	""	DCv2	PI597957	PI597957	1142.082	0.9413216	671	589	0.87779433681073
""	""	""	""	""	""	""	""	""	""	""	""	""	""	""	""	""	DCv2	PI597958	PI597958	902.6134	1.295068	677	625	0.923190546528804
""	""	""	""	""	""	""	""	""	""	""	""	""	""	""	""	""	DCv2	PI597959	PI597959	1326.289	0.8485247	668	595	0.890718562874252
""	""	""	""	""	""	""	""	""	""	""	""	""	""	""	""	""	DCv2	PI597960	PI597960	4761.746	0.5965231	675	413	0.611851851851852
""	""	""	""	""	""	""	""	""	""	""	""	""	""	""	""	""	DCv2	PI597961	PI597961	801.2996	0.9022256	676	628	0.928994082840237
""	""	""	""	""	""	""	""	""	""	""	""	""	""	""	""	""	DCv2	PI597962	PI597962	571.0411	0.9549248	657	623	0.948249619482496
""	""	""	""	""	""	""	""	""	""	""	""	""	""	""	""	""	DCv2	PI597963	PI597963	396.0446	1.006852	559	536	0.958855098389982
""	""	""	""	""	""	""	""	""	""	""	""	""	""	""	""	""	DCv2	PI597965	PI597965	939.4547	0.8582504	675	623	0.922962962962963
""	""	""	""	""	""	""	""	""	""	""	""	""	""	""	""	""	DCv2	PI597966	PI597966	1335.499	0.8175238	676	600	0.887573964497041
""	""	""	""	""	""	""	""	""	""	""	""	""	""	""	""	""	DCv2	PI597967	PI597967	451.3067	1.177233	677	650	0.960118168389956
""	""	""	""	""	""	""	""	""	""	""	""	""	""	""	""	""	DCv2	PI597968	PI597968	1224.975	0.8986656	677	610	0.901033973412112
""	""	""	""	""	""	""	""	""	""	""	""	""	""	""	""	""	DCv2	PI597970	PI597970	884.1927	0.7921324	451	401	0.889135254988914
""	""	""	""	""	""	""	""	""	""	""	""	""	""	""	""	""	DCv2	PI597971	PI597971	930.2444	0.8051897	676	623	0.921597633136095
""	""	""	""	""	""	""	""	""	""	""	""	""	""	""	""	""	DCv2	PI597972	PI597972	1363.13	0.9710318	676	596	0.881656804733728
""	""	""	""	""	""	""	""	""	""	""	""	""	""	""	""	""	DCv2	PI597973	PI597973	1022.348	0.8254085	676	618	0.914201183431953
""	""	""	""	""	""	""	""	""	""	""	""	""	""	""	""	""	DCv2	PI597974	PI597974	110.5241	1.12039	674	666	0.98813056379822
""	""	""	""	""	""	""	""	""	""	""	""	""	""	""	""	""	DCv2	PI597975	PI597975	1086.82	0.9404638	539	478	0.88682745825603
""	""	""	""	""	""	""	""	""	""	""	""	""	""	""	""	""	DCv2	PI597976	PI597976	967.0857	1.031755	676	616	0.911242603550296
""	""	""	""	""	""	""	""	""	""	""	""	""	""	""	""	""	DCv2	PI597977	PI597977	4614.381	0.7177862	646	395	0.611455108359133
""	""	""	""	""	""	""	""	""	""	""	""	""	""	""	""	""	DCv2	PI597978	PI597978	672.3548	0.9901626	655	617	0.941984732824428
""	""	""	""	""	""	""	""	""	""	""	""	""	""	""	""	""	DCv2	PI597980	PI597980	1547.337	0.8551048	676	586	0.866863905325444
""	""	""	""	""	""	""	""	""	""	""	""	""	""	""	""	""	DCv2	PI597981	PI597981	1068.399	0.847315	605	544	0.899173553719008
""	""	""	""	""	""	""	""	""	""	""	""	""	""	""	""	""	DCv2	PI597982	PI597982	64.47238	1.162045	677	672	0.99261447562777
""	""	""	""	""	""	""	""	""	""	""	""	""	""	""	""	""	DCv2	PI601816	PI601816	4927.532	0.6684705	676	405	0.599112426035503
""	""	""	""	""	""	""	""	""	""	""	""	""	""	""	""	""	DCv2	PI607931	PI607931	1077.61	0.86299	677	615	0.908419497784343
""	""	""	""	""	""	""	""	""	""	""	""	""	""	""	""	""	DCv2	PI609456	PI609456	1031.558	0.9629384	670	609	0.908955223880597
""	""	""	""	""	""	""	""	""	""	""	""	""	""	""	""	""	DCv2	PI613536	PI613536	1224.975	0.8374415	677	609	0.899556868537666
""	""	""	""	""	""	""	""	""	""	""	""	""	""	""	""	""	DCv2	PI629034	PI629034	1215.765	0.8422762	675	606	0.897777777777778
""	""	""	""	""	""	""	""	""	""	""	""	""	""	""	""	""	DCv2	PI629040	PI629040	27.63102	1.163515	677	675	0.997045790251108
""	""	""	""	""	""	""	""	""	""	""	""	""	""	""	""	""	DCv2	PI629059	PI629059	27.63102	1.163515	677	675	0.997045790251108
""	""	""	""	""	""	""	""	""	""	""	""	""	""	""	""	""	DCv2	PI641849	PI641849	359.2033	1.200977	676	655	0.968934911242604
""	""	""	""	""	""	""	""	""	""	""	""	""	""	""	""	""	DCv2	PI641874	PI641874	2403.899	0.7527774	658	522	0.793313069908815
""	""	""	""	""	""	""	""	""	""	""	""	""	""	""	""	""	DCv2	PI642793	PI642793	18.42068	1.163515	677	675	0.997045790251108
""	""	""	""	""	""	""	""	""	""	""	""	""	""	""	""	""	DCv2	PI642992	PI642992	4863.06	0.6612161	675	408	0.604444444444444
""	""	""	""	""	""	""	""	""	""	""	""	""	""	""	""	""	DCv2	PI642998	PI642998	1510.496	1.165568	672	589	0.876488095238095
""	""	""	""	""	""	""	""	""	""	""	""	""	""	""	""	""	DCv2	PI651496	PI651496	1040.768	0.923948	676	616	0.911242603550296
""	""	""	""	""	""	""	""	""	""	""	""	""	""	""	""	""	DCv2	PI655970	PI655970	36.84136	1.162784	677	674	0.995568685376662
""	""	""	""	""	""	""	""	""	""	""	""	""	""	""	""	""	DCv2	PI655972	PI655972	1243.396	0.9742393	677	607	0.896602658788774
""	""	""	""	""	""	""	""	""	""	""	""	""	""	""	""	""	DCv2	PI655973	PI655973	6502.5	0.7872854	671	317	0.472429210134128
""	""	""	""	""	""	""	""	""	""	""	""	""	""	""	""	""	DCv2	PI655974	PI655974	64.47238	1.164452	677	671	0.991137370753323
""	""	""	""	""	""	""	""	""	""	""	""	""	""	""	""	""	DCv2	PI655975	PI655975	27.63102	1.163515	677	675	0.997045790251108
""	""	""	""	""	""	""	""	""	""	""	""	""	""	""	""	""	DCv2	PI655976	PI655976	4015.708	0.7665005	676	457	0.67603550295858
""	""	""	""	""	""	""	""	""	""	""	""	""	""	""	""	""	DCv2	PI655977	PI655977	792.0893	0.9553859	676	629	0.930473372781065
""	""	""	""	""	""	""	""	""	""	""	""	""	""	""	""	""	DCv2	PI655978	PI655978	921.034	0.9370391	676	613	0.906804733727811
""	""	""	""	""	""	""	""	""	""	""	""	""	""	""	""	""	DCv2	PI655979	PI655979	497.3584	1.47841	677	650	0.960118168389956
""	""	""	""	""	""	""	""	""	""	""	""	""	""	""	""	""	DCv2	PI655981	PI655981	4513.067	0.7773358	677	424	0.62629246676514
""	""	""	""	""	""	""	""	""	""	""	""	""	""	""	""	""	DCv2	PI655986	PI655986	46.0517	1.16289	677	674	0.995568685376662
""	""	""	""	""	""	""	""	""	""	""	""	""	""	""	""	""	DCv2	PI655987	PI655987	46.0517	1.163317	677	673	0.994091580502216
""	""	""	""	""	""	""	""	""	""	""	""	""	""	""	""	""	DCv2	PI655992	PI655992	36.84136	1.180703	652	649	0.995398773006135
""	""	""	""	""	""	""	""	""	""	""	""	""	""	""	""	""	DCv2	PI655993	PI655993	128.9448	1.140242	677	665	0.982274741506647
""	""	""	""	""	""	""	""	""	""	""	""	""	""	""	""	""	DCv2	PI655994	PI655994	1538.127	1.034684	676	589	0.871301775147929
""	""	""	""	""	""	""	""	""	""	""	""	""	""	""	""	""	DCv2	PI655995	PI655995	1363.13	1.171106	672	597	0.888392857142857
""	""	""	""	""	""	""	""	""	""	""	""	""	""	""	""	""	DCv2	PI655997	PI655997	46.0517	1.165082	677	674	0.995568685376662
""	""	""	""	""	""	""	""	""	""	""	""	""	""	""	""	""	DCv2	PI655998	PI655998	46.0517	1.169558	671	667	0.994038748137109
""	""	""	""	""	""	""	""	""	""	""	""	""	""	""	""	""	DCv2	PI655999	PI655999	1335.499	1.077177	673	599	0.890044576523031
""	""	""	""	""	""	""	""	""	""	""	""	""	""	""	""	""	DCv2	PI656000	PI656000	1151.293	0.9194284	677	608	0.89807976366322
""	""	""	""	""	""	""	""	""	""	""	""	""	""	""	""	""	DCv2	PI656001	PI656001	561.8308	1.17699	677	645	0.952732644017725
""	""	""	""	""	""	""	""	""	""	""	""	""	""	""	""	""	DCv2	PI656002	PI656002	46.0517	1.16385	677	674	0.995568685376662
""	""	""	""	""	""	""	""	""	""	""	""	""	""	""	""	""	DCv2	PI656003	PI656003	359.2033	1.013809	676	654	0.967455621301775
""	""	""	""	""	""	""	""	""	""	""	""	""	""	""	""	""	DCv2	PI656004	PI656004	1151.293	0.8355471	676	611	0.903846153846154
""	""	""	""	""	""	""	""	""	""	""	""	""	""	""	""	""	DCv2	PI656005	PI656005	55.26204	1.164495	677	672	0.99261447562777
""	""	""	""	""	""	""	""	""	""	""	""	""	""	""	""	""	DCv2	PI656006	PI656006	1031.558	0.9273203	677	618	0.912850812407681
""	""	""	""	""	""	""	""	""	""	""	""	""	""	""	""	""	DCv2	PI656007	PI656007	1224.975	0.9081278	677	606	0.895125553914328
""	""	""	""	""	""	""	""	""	""	""	""	""	""	""	""	""	DCv2	PI656008	PI656008	1013.137	0.9342032	676	612	0.905325443786982
""	""	""	""	""	""	""	""	""	""	""	""	""	""	""	""	""	DCv2	PI656009	PI656009	3730.188	0.7962264	676	472	0.698224852071006
""	""	""	""	""	""	""	""	""	""	""	""	""	""	""	""	""	DCv2	PI656010	PI656010	1059.189	1.172777	677	603	0.89069423929099
""	""	""	""	""	""	""	""	""	""	""	""	""	""	""	""	""	DCv2	PI656011	PI656011	36.84136	1.165419	677	673	0.994091580502216
""	""	""	""	""	""	""	""	""	""	""	""	""	""	""	""	""	DCv2	PI656012	PI656012	1621.02	0.7686604	676	578	0.855029585798817
""	""	""	""	""	""	""	""	""	""	""	""	""	""	""	""	""	DCv2	PI656013	PI656013	1851.278	0.8895172	674	496	0.735905044510386
""	""	""	""	""	""	""	""	""	""	""	""	""	""	""	""	""	DCv2	PI656014	PI656014	2542.054	0.8263965	675	433	0.641481481481482
""	""	""	""	""	""	""	""	""	""	""	""	""	""	""	""	""	DCv2	PI656016	PI656016	46.0517	1.164393	677	673	0.994091580502216
""	""	""	""	""	""	""	""	""	""	""	""	""	""	""	""	""	DCv2	PI656017	PI656017	1280.237	0.7930876	677	604	0.892171344165436
""	""	""	""	""	""	""	""	""	""	""	""	""	""	""	""	""	DCv2	PI656018	PI656018	27.63102	1.163515	677	675	0.997045790251108
""	""	""	""	""	""	""	""	""	""	""	""	""	""	""	""	""	DCv2	PI656019	PI656019	92.1034	1.160432	677	670	0.989660265878877
""	""	""	""	""	""	""	""	""	""	""	""	""	""	""	""	""	DCv2	PI656020	PI656020	36.84136	1.160458	677	674	0.995568685376662
""	""	""	""	""	""	""	""	""	""	""	""	""	""	""	""	""	DCv2	PI656021	PI656021	6299.873	0.5165101	677	320	0.472673559822747
""	""	""	""	""	""	""	""	""	""	""	""	""	""	""	""	""	DCv2	PI656022	PI656022	5406.47	0.5909416	663	369	0.556561085972851
""	""	""	""	""	""	""	""	""	""	""	""	""	""	""	""	""	DCv2	PI656024	PI656024	55.26204	1.159992	677	672	0.99261447562777
""	""	""	""	""	""	""	""	""	""	""	""	""	""	""	""	""	DCv2	PI656025	PI656025	1040.768	0.9631326	677	615	0.908419497784343
""	""	""	""	""	""	""	""	""	""	""	""	""	""	""	""	""	DCv2	PI656026	PI656026	3030.202	0.8758096	671	504	0.751117734724292
""	""	""	""	""	""	""	""	""	""	""	""	""	""	""	""	""	DCv2	PI656027	PI656027	1105.241	0.9345102	677	613	0.905465288035451
""	""	""	""	""	""	""	""	""	""	""	""	""	""	""	""	""	DCv2	PI656028	PI656028	921.034	0.8957365	676	622	0.920118343195266
""	""	""	""	""	""	""	""	""	""	""	""	""	""	""	""	""	DCv2	PI656029	PI656029	801.2996	0.9071676	677	626	0.92466765140325
""	""	""	""	""	""	""	""	""	""	""	""	""	""	""	""	""	DCv2	PI656031	PI656031	1326.289	0.8599763	675	596	0.882962962962963
""	""	""	""	""	""	""	""	""	""	""	""	""	""	""	""	""	DCv2	PI656032	PI656032	2496.002	0.8248298	677	431	0.636632200886263
""	""	""	""	""	""	""	""	""	""	""	""	""	""	""	""	""	DCv2	PI656034	PI656034	782.8789	0.9211887	663	618	0.932126696832579
""	""	""	""	""	""	""	""	""	""	""	""	""	""	""	""	""	DCv2	PI656035	PI656035	1703.913	0.8227559	674	570	0.845697329376855
""	""	""	""	""	""	""	""	""	""	""	""	""	""	""	""	""	DCv2	PI656036	PI656036	1363.13	0.8375785	675	589	0.872592592592593
""	""	""	""	""	""	""	""	""	""	""	""	""	""	""	""	""	DCv2	PI656037	PI656037	174.9965	1.157879	677	659	0.97341211225997
""	""	""	""	""	""	""	""	""	""	""	""	""	""	""	""	""	DCv2	PI656039	PI656039	451.3067	0.9330802	665	639	0.960902255639098
""	""	""	""	""	""	""	""	""	""	""	""	""	""	""	""	""	DCv2	PI656040	PI656040	248.6792	1.176728	677	662	0.977843426883309
""	""	""	""	""	""	""	""	""	""	""	""	""	""	""	""	""	DCv2	PI656041	PI656041	1878.909	0.7699649	677	569	0.840472673559823
""	""	""	""	""	""	""	""	""	""	""	""	""	""	""	""	""	DCv2	PI656043	PI656043	4135.443	0.6774831	677	450	0.664697193500739
""	""	""	""	""	""	""	""	""	""	""	""	""	""	""	""	""	DCv2	PI656044	PI656044	36.84136	1.16014	677	673	0.994091580502216
""	""	""	""	""	""	""	""	""	""	""	""	""	""	""	""	""	DCv2	PI656046	PI656046	773.6686	0.9652115	677	628	0.927621861152142
""	""	""	""	""	""	""	""	""	""	""	""	""	""	""	""	""	DCv2	PI656048	PI656048	55.26204	1.166588	677	673	0.994091580502216
""	""	""	""	""	""	""	""	""	""	""	""	""	""	""	""	""	DCv2	PI656050	PI656050	1998.644	0.8357502	676	558	0.825443786982249
""	""	""	""	""	""	""	""	""	""	""	""	""	""	""	""	""	DCv2	PI656051	PI656051	1215.765	1.170261	676	609	0.900887573964497
""	""	""	""	""	""	""	""	""	""	""	""	""	""	""	""	""	DCv2	PI656052	PI656052	4107.812	0.5167068	660	435	0.659090909090909
""	""	""	""	""	""	""	""	""	""	""	""	""	""	""	""	""	DCv2	PI656053	PI656053	147.3654	1.141208	677	661	0.976366322008863
""	""	""	""	""	""	""	""	""	""	""	""	""	""	""	""	""	DCv2	PI656055	PI656055	1151.293	0.8213532	675	607	0.899259259259259
""	""	""	""	""	""	""	""	""	""	""	""	""	""	""	""	""	DCv2	PI656056	PI656056	773.6686	0.8462429	676	632	0.93491124260355
""	""	""	""	""	""	""	""	""	""	""	""	""	""	""	""	""	DCv2	PI656057	PI656057	801.2996	0.8544012	544	499	0.917279411764706
""	""	""	""	""	""	""	""	""	""	""	""	""	""	""	""	""	DCv2	PI656058	PI656058	202.6275	1.137987	676	655	0.968934911242604
""	""	""	""	""	""	""	""	""	""	""	""	""	""	""	""	""	DCv2	PI656059	PI656059	921.034	0.9460068	676	622	0.920118343195266
""	""	""	""	""	""	""	""	""	""	""	""	""	""	""	""	""	DCv2	PI656060	PI656060	1151.293	0.9693008	676	600	0.887573964497041
""	""	""	""	""	""	""	""	""	""	""	""	""	""	""	""	""	DCv2	PI656061	PI656061	782.8789	0.9818205	677	624	0.921713441654357
""	""	""	""	""	""	""	""	""	""	""	""	""	""	""	""	""	DCv2	PI656062	PI656062	92.1034	1.15335	677	667	0.985228951255539
""	""	""	""	""	""	""	""	""	""	""	""	""	""	""	""	""	DCv2	PI656063	PI656063	1399.972	0.9419711	677	527	0.778434268833087
""	""	""	""	""	""	""	""	""	""	""	""	""	""	""	""	""	DCv2	PI656068	PI656068	1510.496	0.8063644	675	580	0.859259259259259
""	""	""	""	""	""	""	""	""	""	""	""	""	""	""	""	""	DCv2	PI656069	PI656069	1381.551	0.7680597	676	588	0.869822485207101
""	""	""	""	""	""	""	""	""	""	""	""	""	""	""	""	""	DCv2	PI656070	PI656070	1022.348	0.8865719	676	615	0.909763313609468
""	""	""	""	""	""	""	""	""	""	""	""	""	""	""	""	""	DCv2	PI656071	PI656071	921.034	0.914948	677	624	0.921713441654357
""	""	""	""	""	""	""	""	""	""	""	""	""	""	""	""	""	DCv2	PI656072	PI656072	1013.137	0.9542895	677	617	0.911373707533235
""	""	""	""	""	""	""	""	""	""	""	""	""	""	""	""	""	DCv2	PI656074	PI656074	1436.813	0.8471694	677	580	0.85672082717873
""	""	""	""	""	""	""	""	""	""	""	""	""	""	""	""	""	DCv2	PI656076	PI656076	1151.293	0.8642549	677	609	0.899556868537666
""	""	""	""	""	""	""	""	""	""	""	""	""	""	""	""	""	DCv2	PI656077	PI656077	2265.744	0.5546423	642	518	0.806853582554517
""	""	""	""	""	""	""	""	""	""	""	""	""	""	""	""	""	DCv2	PI656078	PI656078	810.51	0.9499455	674	625	0.927299703264095
""	""	""	""	""	""	""	""	""	""	""	""	""	""	""	""	""	DCv2	PI656079	PI656079	884.1927	0.9978941	677	615	0.908419497784343
""	""	""	""	""	""	""	""	""	""	""	""	""	""	""	""	""	DCv2	PI656080	PI656080	4623.591	0.7379218	672	418	0.62202380952381
""	""	""	""	""	""	""	""	""	""	""	""	""	""	""	""	""	DCv2	PI656082	PI656082	4070.97	0.6621695	669	443	0.662182361733931
""	""	""	""	""	""	""	""	""	""	""	""	""	""	""	""	""	DCv2	PI656083	PI656083	478.9377	0.8827836	628	600	0.955414012738854
""	""	""	""	""	""	""	""	""	""	""	""	""	""	""	""	""	DCv2	PI656085	PI656085	1040.768	0.9414959	670	611	0.911940298507463
""	""	""	""	""	""	""	""	""	""	""	""	""	""	""	""	""	DCv2	PI656087	PI656087	893.403	0.8552619	675	624	0.924444444444444
""	""	""	""	""	""	""	""	""	""	""	""	""	""	""	""	""	DCv2	PI656088	PI656088	4688.063	0.7431528	676	419	0.619822485207101
""	""	""	""	""	""	""	""	""	""	""	""	""	""	""	""	""	DCv2	PI656089	PI656089	4540.698	0.6343394	677	417	0.615952732644018
""	""	""	""	""	""	""	""	""	""	""	""	""	""	""	""	""	DCv2	PI656090	PI656090	3656.505	0.5757872	672	460	0.68452380952381
""	""	""	""	""	""	""	""	""	""	""	""	""	""	""	""	""	DCv2	PI656091	PI656091	847.3513	0.9549233	668	617	0.923652694610779
""	""	""	""	""	""	""	""	""	""	""	""	""	""	""	""	""	DCv2	PI656092	PI656092	1031.558	0.8868755	677	620	0.915805022156573
""	""	""	""	""	""	""	""	""	""	""	""	""	""	""	""	""	DCv2	PI656093	PI656093	607.8825	1.423089	666	631	0.947447447447447
""	""	""	""	""	""	""	""	""	""	""	""	""	""	""	""	""	DCv2	PI656094	PI656094	653.9342	1.146749	671	633	0.943368107302534
""	""	""	""	""	""	""	""	""	""	""	""	""	""	""	""	""	DCv2	PI656095	PI656095	1077.61	1.102209	675	610	0.903703703703704
""	""	""	""	""	""	""	""	""	""	""	""	""	""	""	""	""	DCv2	PI656096	PI656096	1169.713	1.190259	676	609	0.900887573964497
""	""	""	""	""	""	""	""	""	""	""	""	""	""	""	""	""	DCv2	PI656097	PI656097	1059.189	0.8887808	677	614	0.906942392909897
""	""	""	""	""	""	""	""	""	""	""	""	""	""	""	""	""	DCv2	PI656098	PI656098	1381.551	0.8294839	677	589	0.870014771048744
""	""	""	""	""	""	""	""	""	""	""	""	""	""	""	""	""	DCv2	PI656099	PI656099	948.6651	0.8892196	677	621	0.917282127031019
""	""	""	""	""	""	""	""	""	""	""	""	""	""	""	""	""	DCv2	PI656100	PI656100	1013.137	0.853683	677	614	0.906942392909897
""	""	""	""	""	""	""	""	""	""	""	""	""	""	""	""	""	DCv2	PI656101	PI656101	1317.079	0.7743089	676	602	0.890532544378698
""	""	""	""	""	""	""	""	""	""	""	""	""	""	""	""	""	DCv2	PI656102	PI656102	1768.385	0.9223641	676	572	0.846153846153846
""	""	""	""	""	""	""	""	""	""	""	""	""	""	""	""	""	DCv2	PI656103	PI656103	1031.558	0.9748601	677	615	0.908419497784343
""	""	""	""	""	""	""	""	""	""	""	""	""	""	""	""	""	DCv2	PI656105	PI656105	930.2444	0.9835992	676	612	0.905325443786982
""	""	""	""	""	""	""	""	""	""	""	""	""	""	""	""	""	DCv2	PI656106	PI656106	1685.492	0.8489259	677	563	0.831610044313146
""	""	""	""	""	""	""	""	""	""	""	""	""	""	""	""	""	DCv2	PI656107	PI656107	736.8272	0.9097848	657	614	0.93455098934551
""	""	""	""	""	""	""	""	""	""	""	""	""	""	""	""	""	DCv2	PI656108	PI656108	1169.713	0.9321516	677	610	0.901033973412112
""	""	""	""	""	""	""	""	""	""	""	""	""	""	""	""	""	DCv2	PI656109	PI656109	1114.451	1.272203	675	612	0.906666666666667
""	""	""	""	""	""	""	""	""	""	""	""	""	""	""	""	""	DCv2	PI656110	PI656110	1344.71	0.824421	677	593	0.875923190546529
""	""	""	""	""	""	""	""	""	""	""	""	""	""	""	""	""	DCv2	PI656112	PI656112	1722.334	0.8889398	677	579	0.855243722304284
""	""	""	""	""	""	""	""	""	""	""	""	""	""	""	""	""	DCv2	PI656114	PI656114	248.6792	1.128871	677	650	0.960118168389956
""	""	""	""	""	""	""	""	""	""	""	""	""	""	""	""	""	DCv2	PI656115	PI656115	3039.412	1.007167	677	510	0.753323485967504
""	""	""	""	""	""	""	""	""	""	""	""	""	""	""	""	""	DCv2	PI656116	PI656116	1077.61	0.9044442	676	610	0.902366863905325
""	""	""	""	""	""	""	""	""	""	""	""	""	""	""	""	""	DCv2	PI656118	PI656118	1077.61	0.8310192	676	613	0.906804733727811
""	""	""	""	""	""	""	""	""	""	""	""	""	""	""	""	""	DCv2	PI656119	PI656119	5636.728	0.758062	649	337	0.519260400616333
""	""	""	""	""	""	""	""	""	""	""	""	""	""	""	""	""	DCv2	PI656121	PI656121	801.2996	1.327583	676	627	0.927514792899408
""	""	""	""	""	""	""	""	""	""	""	""	""	""	""	""	""	DCv2	PI659691	PI659691	911.8237	0.8406246	659	608	0.922610015174507
""	""	""	""	""	""	""	""	""	""	""	""	""	""	""	""	""	DCv2	PI659694	PI659694	27.63102	1.163915	677	674	0.995568685376662
""	""	""	""	""	""	""	""	""	""	""	""	""	""	""	""	""	DCv2	PI659695	PI659695	1031.558	0.8141238	676	616	0.911242603550296
""	""	""	""	""	""	""	""	""	""	""	""	""	""	""	""	""	DCv2	PI659696	PI659696	1399.972	0.8638289	677	597	0.881831610044313
""	""	""	""	""	""	""	""	""	""	""	""	""	""	""	""	""	DCv2	PI659753	PI659753	1169.713	0.8306901	677	592	0.874446085672083
""	""	""	""	""	""	""	""	""	""	""	""	""	""	""	""	""	DCv2	SC0003	SC0003	55.26204	1.166763	674	671	0.995548961424332
""	""	""	""	""	""	""	""	""	""	""	""	""	""	""	""	""	DCv2	SC0027	SC0027	1206.555	0.8393547	511	445	0.870841487279843
""	""	""	""	""	""	""	""	""	""	""	""	""	""	""	""	""	DCv2	SC0041	SC0041	55.26204	1.162373	629	625	0.993640699523052
""	""	""	""	""	""	""	""	""	""	""	""	""	""	""	""	""	DCv2	SC0092	SC0092	18.42068	1.167999	674	673	0.998516320474777
""	""	""	""	""	""	""	""	""	""	""	""	""	""	""	""	""	DCv2	SC0138	SC0138	699.9859	0.8059423	574	533	0.928571428571429
""	""	""	""	""	""	""	""	""	""	""	""	""	""	""	""	""	DCv2	SC0150	SC0150	893.403	1.028266	667	617	0.92503748125937
""	""	""	""	""	""	""	""	""	""	""	""	""	""	""	""	""	DCv2	SC0156	SC0156	1657.861	1.227295	667	576	0.863568215892054
""	""	""	""	""	""	""	""	""	""	""	""	""	""	""	""	""	DCv2	SC0157	SC0157	690.7755	0.962083	655	616	0.940458015267176
""	""	""	""	""	""	""	""	""	""	""	""	""	""	""	""	""	DCv2	SC0159	SC0159	948.6651	1.212303	616	563	0.913961038961039
""	""	""	""	""	""	""	""	""	""	""	""	""	""	""	""	""	DCv2	SC0178	SC0178	1234.186	0.8558886	568	499	0.878521126760563
""	""	""	""	""	""	""	""	""	""	""	""	""	""	""	""	""	DCv2	SC0179	SC0179	1049.979	0.7822415	667	605	0.907046476761619
""	""	""	""	""	""	""	""	""	""	""	""	""	""	""	""	""	DCv2	SC0191	SC0191	976.2961	0.7617956	491	437	0.890020366598778
""	""	""	""	""	""	""	""	""	""	""	""	""	""	""	""	""	DCv2	SC0201	SC0201	626.3031	0.8976488	658	620	0.942249240121581
""	""	""	""	""	""	""	""	""	""	""	""	""	""	""	""	""	DCv2	SC0236	SC0236	27.63102	1.148772	628	626	0.996815286624204
""	""	""	""	""	""	""	""	""	""	""	""	""	""	""	""	""	DCv2	SC0247	SC0247	847.3513	1.308231	671	622	0.926974664679583
""	""	""	""	""	""	""	""	""	""	""	""	""	""	""	""	""	DCv2	SC0249	SC0249	1243.396	1.359671	663	595	0.897435897435897
""	""	""	""	""	""	""	""	""	""	""	""	""	""	""	""	""	DCv2	SC0263	SC0263	921.034	1.083567	604	552	0.913907284768212
""	""	""	""	""	""	""	""	""	""	""	""	""	""	""	""	""	DCv2	SC0266	SC0266	699.9859	0.9771896	649	609	0.938366718027735
""	""	""	""	""	""	""	""	""	""	""	""	""	""	""	""	""	DCv2	SC0276	SC0276	2081.537	1.163297	662	546	0.824773413897281
""	""	""	""	""	""	""	""	""	""	""	""	""	""	""	""	""	DCv2	SC0287	SC0287	6244.611	0.5881043	666	325	0.487987987987988
""	""	""	""	""	""	""	""	""	""	""	""	""	""	""	""	""	DCv2	SC0297	SC0297	1197.344	1.14246	670	600	0.895522388059702
""	""	""	""	""	""	""	""	""	""	""	""	""	""	""	""	""	DCv2	SC0314	SC0314	119.7344	1.348998	669	661	0.988041853512706
""	""	""	""	""	""	""	""	""	""	""	""	""	""	""	""	""	DCv2	SC0371	SC0371	1142.082	1.059073	531	461	0.868173258003766
""	""	""	""	""	""	""	""	""	""	""	""	""	""	""	""	""	DCv2	SC0409	SC0409	1040.768	0.8769105	663	600	0.904977375565611
""	""	""	""	""	""	""	""	""	""	""	""	""	""	""	""	""	DCv2	SC0412	SC0412	3582.822	0.7857697	576	377	0.654513888888889
""	""	""	""	""	""	""	""	""	""	""	""	""	""	""	""	""	DCv2	SC0436	SC0436	1298.658	0.8754428	666	593	0.89039039039039
""	""	""	""	""	""	""	""	""	""	""	""	""	""	""	""	""	DCv2	SC0445	SC0445	64.47238	1.156638	617	613	0.993517017828201
""	""	""	""	""	""	""	""	""	""	""	""	""	""	""	""	""	DCv2	SC0448	SC0448	847.3513	0.8405187	663	615	0.927601809954751
""	""	""	""	""	""	""	""	""	""	""	""	""	""	""	""	""	DCv2	SC0456	SC0456	911.8237	0.9705213	671	617	0.919523099850969
""	""	""	""	""	""	""	""	""	""	""	""	""	""	""	""	""	DCv2	SC0458	SC0458	1142.082	0.7853245	472	410	0.86864406779661
""	""	""	""	""	""	""	""	""	""	""	""	""	""	""	""	""	DCv2	SC0470	SC0470	801.2996	0.9114269	653	608	0.931087289433384
""	""	""	""	""	""	""	""	""	""	""	""	""	""	""	""	""	DCv2	SC0479	SC0479	1105.241	0.8098164	583	518	0.888507718696398
""	""	""	""	""	""	""	""	""	""	""	""	""	""	""	""	""	DCv2	SC0505	SC0505	561.8308	0.8841587	666	633	0.95045045045045
""	""	""	""	""	""	""	""	""	""	""	""	""	""	""	""	""	DCv2	SC0517	SC0517	524.9894	0.9896784	670	638	0.952238805970149
""	""	""	""	""	""	""	""	""	""	""	""	""	""	""	""	""	DCv2	SC0521	SC0521	2330.216	1.203086	673	545	0.809806835066865
""	""	""	""	""	""	""	""	""	""	""	""	""	""	""	""	""	DCv2	SC0540	SC0540	985.5064	1.15176	662	606	0.915407854984894
""	""	""	""	""	""	""	""	""	""	""	""	""	""	""	""	""	DCv2	SC0542	SC0542	55.26204	1.165628	650	646	0.993846153846154
""	""	""	""	""	""	""	""	""	""	""	""	""	""	""	""	""	DCv2	SC0547	SC0547	2136.799	1.198496	669	552	0.825112107623319
""	""	""	""	""	""	""	""	""	""	""	""	""	""	""	""	""	DCv2	SC0550	SC0550	690.7755	1.148684	653	615	0.941807044410413
""	""	""	""	""	""	""	""	""	""	""	""	""	""	""	""	""	DCv2	SC0551	SC0551	552.6204	1.172447	671	638	0.950819672131147
""	""	""	""	""	""	""	""	""	""	""	""	""	""	""	""	""	DCv2	SC0556	SC0556	27.63102	1.17109	672	670	0.997023809523809
""	""	""	""	""	""	""	""	""	""	""	""	""	""	""	""	""	DCv2	SC0581	SC0581	488.148	0.8908693	479	448	0.935281837160752
""	""	""	""	""	""	""	""	""	""	""	""	""	""	""	""	""	DCv2	SC0582	SC0582	27.63102	1.172956	668	666	0.997005988023952
""	""	""	""	""	""	""	""	""	""	""	""	""	""	""	""	""	DCv2	SC0604	SC0604	4172.284	0.8456123	560	330	0.589285714285714
""	""	""	""	""	""	""	""	""	""	""	""	""	""	""	""	""	DCv2	SC0615	SC0615	4384.122	0.7754125	667	426	0.638680659670165
""	""	""	""	""	""	""	""	""	""	""	""	""	""	""	""	""	DCv2	SC0618	SC0618	524.9894	0.9733107	670	639	0.953731343283582
""	""	""	""	""	""	""	""	""	""	""	""	""	""	""	""	""	DCv2	SC0631	SC0631	589.4618	0.9435545	668	633	0.947604790419162
""	""	""	""	""	""	""	""	""	""	""	""	""	""	""	""	""	DCv2	SC0636	SC0636	534.1997	0.8543748	669	638	0.953662182361734
""	""	""	""	""	""	""	""	""	""	""	""	""	""	""	""	""	DCv2	SC0652	SC0652	3472.298	0.7386282	618	428	0.692556634304207
""	""	""	""	""	""	""	""	""	""	""	""	""	""	""	""	""	DCv2	SC0685	SC0685	847.3513	0.9467595	654	605	0.925076452599388
""	""	""	""	""	""	""	""	""	""	""	""	""	""	""	""	""	DCv2	SC0713	SC0713	1565.758	0.8878401	664	577	0.868975903614458
""	""	""	""	""	""	""	""	""	""	""	""	""	""	""	""	""	DCv2	SC0741	SC0741	1224.975	0.7976566	660	587	0.889393939393939
""	""	""	""	""	""	""	""	""	""	""	""	""	""	""	""	""	DCv2	SC0747	SC0747	239.4688	1.060172	482	469	0.973029045643153
""	""	""	""	""	""	""	""	""	""	""	""	""	""	""	""	""	DCv2	SC0753	SC0753	644.7238	0.8556692	496	461	0.929435483870968
""	""	""	""	""	""	""	""	""	""	""	""	""	""	""	""	""	DCv2	SC0777	SC0777	1685.492	0.8754467	672	580	0.863095238095238
""	""	""	""	""	""	""	""	""	""	""	""	""	""	""	""	""	DCv2	SC0814	SC0814	1086.82	0.8810139	670	609	0.908955223880597
""	""	""	""	""	""	""	""	""	""	""	""	""	""	""	""	""	DCv2	SC0823	SC0823	1418.392	0.8672437	667	588	0.881559220389805
""	""	""	""	""	""	""	""	""	""	""	""	""	""	""	""	""	DCv2	SC0834	SC0834	1519.706	0.8280683	657	574	0.873668188736682
""	""	""	""	""	""	""	""	""	""	""	""	""	""	""	""	""	DCv2	SC0837	SC0837	4522.277	0.5402303	637	387	0.607535321821036
""	""	""	""	""	""	""	""	""	""	""	""	""	""	""	""	""	DCv2	SC0847	SC0847	1353.92	0.8279372	655	578	0.882442748091603
""	""	""	""	""	""	""	""	""	""	""	""	""	""	""	""	""	DCv2	SC0848	SC0848	1086.82	0.8257331	667	605	0.907046476761619
""	""	""	""	""	""	""	""	""	""	""	""	""	""	""	""	""	DCv2	SC0854	SC0854	1510.496	0.8351534	670	586	0.874626865671642
""	""	""	""	""	""	""	""	""	""	""	""	""	""	""	""	""	DCv2	SC0858	SC0858	1667.072	0.8473688	669	575	0.85949177877429
""	""	""	""	""	""	""	""	""	""	""	""	""	""	""	""	""	DCv2	SC0860	SC0860	699.9859	0.8045098	329	291	0.884498480243161
""	""	""	""	""	""	""	""	""	""	""	""	""	""	""	""	""	DCv2	SC0868	SC0868	46.0517	1.166943	637	633	0.993720565149136
""	""	""	""	""	""	""	""	""	""	""	""	""	""	""	""	""	DCv2	SC0870	SC0870	801.2996	0.8151425	619	574	0.927302100161551
""	""	""	""	""	""	""	""	""	""	""	""	""	""	""	""	""	DCv2	SC0871	SC0871	1059.189	0.8222767	650	592	0.910769230769231
""	""	""	""	""	""	""	""	""	""	""	""	""	""	""	""	""	DCv2	SC0878	SC0878	1271.027	0.8632319	669	599	0.895366218236173
""	""	""	""	""	""	""	""	""	""	""	""	""	""	""	""	""	DCv2	SC0893	SC0893	55.26204	1.172538	673	670	0.99554234769688
""	""	""	""	""	""	""	""	""	""	""	""	""	""	""	""	""	DCv2	SC0914	SC0914	1105.241	0.7796762	518	455	0.878378378378378
""	""	""	""	""	""	""	""	""	""	""	""	""	""	""	""	""	DCv2	SC0921	SC0921	902.6134	0.8563747	667	615	0.922038980509745
""	""	""	""	""	""	""	""	""	""	""	""	""	""	""	""	""	DCv2	SC0923	SC0923	5378.839	0.5887682	674	381	0.565281899109792
""	""	""	""	""	""	""	""	""	""	""	""	""	""	""	""	""	DCv2	SC0965	SC0965	5627.518	0.6076445	673	364	0.540861812778603
""	""	""	""	""	""	""	""	""	""	""	""	""	""	""	""	""	DCv2	SC0999	SC0999	5415.68	0.7472693	666	370	0.555555555555556
""	""	""	""	""	""	""	""	""	""	""	""	""	""	""	""	""	DCv2	SC1021	SC1021	874.9823	0.8828597	663	613	0.924585218702866
""	""	""	""	""	""	""	""	""	""	""	""	""	""	""	""	""	DCv2	SC1023	SC1023	810.51	1.234806	656	610	0.929878048780488
""	""	""	""	""	""	""	""	""	""	""	""	""	""	""	""	""	DCv2	SC1024	SC1024	5084.108	0.7711163	626	347	0.554313099041534
""	""	""	""	""	""	""	""	""	""	""	""	""	""	""	""	""	DCv2	SC1058	SC1058	571.0411	0.9553458	611	580	0.949263502454992
""	""	""	""	""	""	""	""	""	""	""	""	""	""	""	""	""	DCv2	SC1082	SC1082	782.8789	0.9876735	640	596	0.93125
""	""	""	""	""	""	""	""	""	""	""	""	""	""	""	""	""	DCv2	SC1097	SC1097	46.0517	1.166053	673	670	0.99554234769688
""	""	""	""	""	""	""	""	""	""	""	""	""	""	""	""	""	DCv2	SC1107	SC1107	267.0999	0.9908106	664	647	0.974397590361446
""	""	""	""	""	""	""	""	""	""	""	""	""	""	""	""	""	DCv2	SC1114	SC1114	1307.868	0.7584943	652	575	0.881901840490798
""	""	""	""	""	""	""	""	""	""	""	""	""	""	""	""	""	DCv2	SC1119	SC1119	718.4065	1.155901	665	624	0.938345864661654
""	""	""	""	""	""	""	""	""	""	""	""	""	""	""	""	""	DCv2	SC1120	SC1120	709.1962	1.058463	308	267	0.866883116883117
""	""	""	""	""	""	""	""	""	""	""	""	""	""	""	""	""	DCv2	SC1133	SC1133	423.6757	0.8644923	601	576	0.958402662229617
""	""	""	""	""	""	""	""	""	""	""	""	""	""	""	""	""	DCv2	SC1166	SC1166	1501.285	0.8150367	671	586	0.873323397913562
""	""	""	""	""	""	""	""	""	""	""	""	""	""	""	""	""	DCv2	SC1170	SC1170	55.26204	1.169719	670	667	0.995522388059701
""	""	""	""	""	""	""	""	""	""	""	""	""	""	""	""	""	DCv2	SC1178	SC1178	3039.412	0.7171701	663	490	0.739064856711916
""	""	""	""	""	""	""	""	""	""	""	""	""	""	""	""	""	DCv2	SC1193	SC1193	1086.82	0.922204	662	595	0.898791540785499
""	""	""	""	""	""	""	""	""	""	""	""	""	""	""	""	""	DCv2	SC1216	SC1216	1234.186	1.285887	660	590	0.893939393939394
""	""	""	""	""	""	""	""	""	""	""	""	""	""	""	""	""	DCv2	SC1442	SC1442	1261.817	1.331154	668	569	0.851796407185629
