sample	source	bam_path
BTx643	NEW	/lustre/work/jyanglab/subhash/NEW/picard/BTx643/BTx643_picard_dedup.bam
BTx645	NEW	/lustre/work/jyanglab/subhash/NEW/picard/BTx645/BTx645_picard_dedup.bam
PI152651	SAP	/lustre/work/jyanglab/subhash/SAP/picard/dedup_trimmed/PI152651_picard_dedup.bam
PI153844	NEW	/lustre/work/jyanglab/subhash/NEW/picard/PI153844/PI153844_picard_dedup.bam
PI153846	NEW	/lustre/work/jyanglab/subhash/NEW/picard/PI153846/PI153846_picard_dedup.bam
PI153852	NEW	/lustre/work/jyanglab/subhash/NEW/picard/PI153852/PI153852_picard_dedup.bam
PI17548	NEW	/lustre/work/jyanglab/subhash/NEW/picard/PI17548/PI17548_picard_dedup.bam
PI17548	SAP	/lustre/work/jyanglab/subhash/SAP/picard/dedup_trimmed/PI17548_picard_dedup.bam
PI22326	NEW	/lustre/work/jyanglab/subhash/NEW/picard/PI22326/PI22326_picard_dedup.bam
PI24969	SAP	/lustre/work/jyanglab/subhash/SAP/picard/dedup_trimmed/PI24969_picard_dedup.bam
PI276837	SAP	/lustre/work/jyanglab/subhash/SAP/picard/dedup_trimmed/PI276837_picard_dedup.bam
PI329435	SAP	/lustre/work/jyanglab/subhash/SAP/picard/dedup_trimmed/PI329435_picard_dedup.bam
PI329440	SAP	/lustre/work/jyanglab/subhash/SAP/picard/dedup_trimmed/PI329440_picard_dedup.bam
PI34911	NEW	/lustre/work/jyanglab/subhash/NEW/picard/PI34911/PI34911_picard_dedup.bam
PI34911	SAP	/lustre/work/jyanglab/subhash/SAP/picard/dedup_trimmed/PI34911_picard_dedup.bam
PI35038	SAP	/lustre/work/jyanglab/subhash/SAP/picard/dedup_trimmed/PI35038_picard_dedup.bam
PI48770	NEW	/lustre/work/jyanglab/subhash/NEW/picard/PI48770/PI48770_picard_dedup.bam
PI48770	SAP	/lustre/work/jyanglab/subhash/SAP/picard/dedup_trimmed/PI48770_picard_dedup.bam
PI533745	NEW	/lustre/work/jyanglab/subhash/NEW/picard/PI533745/PI533745_picard_dedup.bam
PI533746	NEW	/lustre/work/jyanglab/subhash/NEW/picard/PI533746/PI533746_picard_dedup.bam
PI533747	NEW	/lustre/work/jyanglab/subhash/NEW/picard/PI533747/PI533747_picard_dedup.bam
PI533749	NEW	/lustre/work/jyanglab/subhash/NEW/picard/PI533749/PI533749_picard_dedup.bam
PI533750	NEW	/lustre/work/jyanglab/subhash/NEW/picard/PI533750/PI533750_picard_dedup.bam
PI533750	SAP	/lustre/work/jyanglab/subhash/SAP/picard/dedup_trimmed/PI533750_picard_dedup.bam
PI533751	NEW	/lustre/work/jyanglab/subhash/NEW/picard/PI533751/PI533751_picard_dedup.bam
PI533752	SAP	/lustre/work/jyanglab/subhash/SAP/picard/dedup_trimmed/PI533752_picard_dedup.bam
PI533753	NEW	/lustre/work/jyanglab/subhash/NEW/picard/PI533753/PI533753_picard_dedup.bam
PI533754	SAP	/lustre/work/jyanglab/subhash/SAP/picard/dedup_trimmed/PI533754_picard_dedup.bam
PI533755	SAP	/lustre/work/jyanglab/subhash/SAP/picard/dedup_trimmed/PI533755_picard_dedup.bam
PI533756	NEW	/lustre/work/jyanglab/subhash/NEW/picard/PI533756/PI533756_picard_dedup.bam
PI533757	SAP	/lustre/work/jyanglab/subhash/SAP/picard/dedup_trimmed/PI533757_picard_dedup.bam
PI533758	SAP	/lustre/work/jyanglab/subhash/SAP/picard/dedup_trimmed/PI533758_picard_dedup.bam
PI533759	SAP	/lustre/work/jyanglab/subhash/SAP/picard/dedup_trimmed/PI533759_picard_dedup.bam
PI533760	SAP	/lustre/work/jyanglab/subhash/SAP/picard/dedup_trimmed/PI533760_picard_dedup.bam
PI533761	SAP	/lustre/work/jyanglab/subhash/SAP/picard/dedup_trimmed/PI533761_picard_dedup.bam
PI533762	NEW	/lustre/work/jyanglab/subhash/NEW/picard/PI533762/PI533762_picard_dedup.bam
PI533762	SAP	/lustre/work/jyanglab/subhash/SAP/picard/dedup_trimmed/PI533762_picard_dedup.bam
PI533763	NEW	/lustre/work/jyanglab/subhash/NEW/picard/PI533763/PI533763_picard_dedup.bam
PI533764	NEW	/lustre/work/jyanglab/subhash/NEW/picard/PI533764/PI533764_picard_dedup.bam
PI533765	NEW	/lustre/work/jyanglab/subhash/NEW/picard/PI533765/PI533765_picard_dedup.bam
PI533766	SAP	/lustre/work/jyanglab/subhash/SAP/picard/dedup_trimmed/PI533766_picard_dedup.bam
PI533768	NEW	/lustre/work/jyanglab/subhash/NEW/picard/PI533768/PI533768_picard_dedup.bam
PI533769	SAP	/lustre/work/jyanglab/subhash/SAP/picard/dedup_trimmed/PI533769_picard_dedup.bam
PI533770	NEW	/lustre/work/jyanglab/subhash/NEW/picard/PI533770/PI533770_picard_dedup.bam
PI533771	NEW	/lustre/work/jyanglab/subhash/NEW/picard/PI533771/PI533771_picard_dedup.bam
PI533772	NEW	/lustre/work/jyanglab/subhash/NEW/picard/PI533772/PI533772_picard_dedup.bam
PI533774	NEW	/lustre/work/jyanglab/subhash/NEW/picard/PI533774/PI533774_picard_dedup.bam
PI533775	NEW	/lustre/work/jyanglab/subhash/NEW/picard/PI533775/PI533775_picard_dedup.bam
PI533776	SAP	/lustre/work/jyanglab/subhash/SAP/picard/dedup_trimmed/PI533776_picard_dedup.bam
PI533777	NEW	/lustre/work/jyanglab/subhash/NEW/picard/PI533777/PI533777_picard_dedup.bam
PI533778	NEW	/lustre/work/jyanglab/subhash/NEW/picard/PI533778/PI533778_picard_dedup.bam
PI533779	NEW	/lustre/work/jyanglab/subhash/NEW/picard/PI533779/PI533779_picard_dedup.bam
PI533780	NEW	/lustre/work/jyanglab/subhash/NEW/picard/PI533780/PI533780_picard_dedup.bam
PI533781	NEW	/lustre/work/jyanglab/subhash/NEW/picard/PI533781/PI533781_picard_dedup.bam
PI533782	NEW	/lustre/work/jyanglab/subhash/NEW/picard/PI533782/PI533782_picard_dedup.bam
PI533783	NEW	/lustre/work/jyanglab/subhash/NEW/picard/PI533783/PI533783_picard_dedup.bam
PI533784	NEW	/lustre/work/jyanglab/subhash/NEW/picard/PI533784/PI533784_picard_dedup.bam
PI533785	SAP	/lustre/work/jyanglab/subhash/SAP/picard/dedup_trimmed/PI533785_picard_dedup.bam
PI533786	NEW	/lustre/work/jyanglab/subhash/NEW/picard/PI533786/PI533786_picard_dedup.bam
PI533787	NEW	/lustre/work/jyanglab/subhash/NEW/picard/PI533787/PI533787_picard_dedup.bam
PI533788	SAP	/lustre/work/jyanglab/subhash/SAP/picard/dedup_trimmed/PI533788_picard_dedup.bam
PI533789	SAP	/lustre/work/jyanglab/subhash/SAP/picard/dedup_trimmed/PI533789_picard_dedup.bam
PI533790	NEW	/lustre/work/jyanglab/subhash/NEW/picard/PI533790/PI533790_picard_dedup.bam
PI533791	NEW	/lustre/work/jyanglab/subhash/NEW/picard/PI533791/PI533791_picard_dedup.bam
PI533792	SAP	/lustre/work/jyanglab/subhash/SAP/picard/dedup_trimmed/PI533792_picard_dedup.bam
PI533793	NEW	/lustre/work/jyanglab/subhash/NEW/picard/PI533793/PI533793_picard_dedup.bam
PI533794	SAP	/lustre/work/jyanglab/subhash/SAP/picard/dedup_trimmed/PI533794_picard_dedup.bam
PI533795	NEW	/lustre/work/jyanglab/subhash/NEW/picard/PI533795/PI533795_picard_dedup.bam
PI533797	NEW	/lustre/work/jyanglab/subhash/NEW/picard/PI533797/PI533797_picard_dedup.bam
PI533798	NEW	/lustre/work/jyanglab/subhash/NEW/picard/PI533798/PI533798_picard_dedup.bam
PI533799	SAP	/lustre/work/jyanglab/subhash/SAP/picard/dedup_trimmed/PI533799_picard_dedup.bam
PI533800	SAP	/lustre/work/jyanglab/subhash/SAP/picard/dedup_trimmed/PI533800_picard_dedup.bam
PI533802	NEW	/lustre/work/jyanglab/subhash/NEW/picard/PI533802/PI533802_picard_dedup.bam
PI533803	NEW	/lustre/work/jyanglab/subhash/NEW/picard/PI533803/PI533803_picard_dedup.bam
PI533804	NEW	/lustre/work/jyanglab/subhash/NEW/picard/PI533804/PI533804_picard_dedup.bam
PI533807	SAP	/lustre/work/jyanglab/subhash/SAP/picard/dedup_trimmed/PI533807_picard_dedup.bam
PI533808	NEW	/lustre/work/jyanglab/subhash/NEW/picard/PI533808/PI533808_picard_dedup.bam
PI533809	NEW	/lustre/work/jyanglab/subhash/NEW/picard/PI533809/PI533809_picard_dedup.bam
PI533810	SAP	/lustre/work/jyanglab/subhash/SAP/picard/dedup_trimmed/PI533810_picard_dedup.bam
PI533811	NEW	/lustre/work/jyanglab/subhash/NEW/picard/PI533811/PI533811_picard_dedup.bam
PI533812	NEW	/lustre/work/jyanglab/subhash/NEW/picard/PI533812/PI533812_picard_dedup.bam
PI533813	NEW	/lustre/work/jyanglab/subhash/NEW/picard/PI533813/PI533813_picard_dedup.bam
PI533814	SAP	/lustre/work/jyanglab/subhash/SAP/picard/dedup_trimmed/PI533814_picard_dedup.bam
PI533816_1	NEW	/lustre/work/jyanglab/subhash/NEW/picard/PI533816_1/PI533816_1_picard_dedup.bam
PI533816_2	NEW	/lustre/work/jyanglab/subhash/NEW/picard/PI533816_2/PI533816_2_picard_dedup.bam
PI533818	NEW	/lustre/work/jyanglab/subhash/NEW/picard/PI533818/PI533818_picard_dedup.bam
PI533819	NEW	/lustre/work/jyanglab/subhash/NEW/picard/PI533819/PI533819_picard_dedup.bam
PI533820	NEW	/lustre/work/jyanglab/subhash/NEW/picard/PI533820/PI533820_picard_dedup.bam
PI533821	SAP	/lustre/work/jyanglab/subhash/SAP/picard/dedup_trimmed/PI533821_picard_dedup.bam
PI533822	SAP	/lustre/work/jyanglab/subhash/SAP/picard/dedup_trimmed/PI533822_picard_dedup.bam
PI533823	NEW	/lustre/work/jyanglab/subhash/NEW/picard/PI533823/PI533823_picard_dedup.bam
PI533824	SAP	/lustre/work/jyanglab/subhash/SAP/picard/dedup_trimmed/PI533824_picard_dedup.bam
PI533825	NEW	/lustre/work/jyanglab/subhash/NEW/picard/PI533825/PI533825_picard_dedup.bam
PI533827	NEW	/lustre/work/jyanglab/subhash/NEW/picard/PI533827/PI533827_picard_dedup.bam
PI533828	NEW	/lustre/work/jyanglab/subhash/NEW/picard/PI533828/PI533828_picard_dedup.bam
PI533829	NEW	/lustre/work/jyanglab/subhash/NEW/picard/PI533829/PI533829_picard_dedup.bam
PI533830	NEW	/lustre/work/jyanglab/subhash/NEW/picard/PI533830/PI533830_picard_dedup.bam
PI533830	SAP	/lustre/work/jyanglab/subhash/SAP/picard/dedup_trimmed/PI533830_picard_dedup.bam
PI533831	SAP	/lustre/work/jyanglab/subhash/SAP/picard/dedup_trimmed/PI533831_picard_dedup.bam
PI533832	NEW	/lustre/work/jyanglab/subhash/NEW/picard/PI533832/PI533832_picard_dedup.bam
PI533833	NEW	/lustre/work/jyanglab/subhash/NEW/picard/PI533833/PI533833_picard_dedup.bam
PI533833	SAP	/lustre/work/jyanglab/subhash/SAP/picard/dedup_trimmed/PI533833_picard_dedup.bam
PI533834	NEW	/lustre/work/jyanglab/subhash/NEW/picard/PI533834/PI533834_picard_dedup.bam
PI533835	NEW	/lustre/work/jyanglab/subhash/NEW/picard/PI533835/PI533835_picard_dedup.bam
PI533836	NEW	/lustre/work/jyanglab/subhash/NEW/picard/PI533836/PI533836_picard_dedup.bam
PI533837	NEW	/lustre/work/jyanglab/subhash/NEW/picard/PI533837/PI533837_picard_dedup.bam
PI533838	SAP	/lustre/work/jyanglab/subhash/SAP/picard/dedup_trimmed/PI533838_picard_dedup.bam
PI533839	SAP	/lustre/work/jyanglab/subhash/SAP/picard/dedup_trimmed/PI533839_picard_dedup.bam
PI533840	NEW	/lustre/work/jyanglab/subhash/NEW/picard/PI533840/PI533840_picard_dedup.bam
PI533841	NEW	/lustre/work/jyanglab/subhash/NEW/picard/PI533841/PI533841_picard_dedup.bam
PI533841	SAP	/lustre/work/jyanglab/subhash/SAP/picard/dedup_trimmed/PI533841_picard_dedup.bam
PI533842	SAP	/lustre/work/jyanglab/subhash/SAP/picard/dedup_trimmed/PI533842_picard_dedup.bam
PI533843	SAP	/lustre/work/jyanglab/subhash/SAP/picard/dedup_trimmed/PI533843_picard_dedup.bam
PI533844	NEW	/lustre/work/jyanglab/subhash/NEW/picard/PI533844/PI533844_picard_dedup.bam
PI533845	SAP	/lustre/work/jyanglab/subhash/SAP/picard/dedup_trimmed/PI533845_picard_dedup.bam
PI533846	NEW	/lustre/work/jyanglab/subhash/NEW/picard/PI533846/PI533846_picard_dedup.bam
PI533847	NEW	/lustre/work/jyanglab/subhash/NEW/picard/PI533847/PI533847_picard_dedup.bam
PI533848	NEW	/lustre/work/jyanglab/subhash/NEW/picard/PI533848/PI533848_picard_dedup.bam
PI533849	NEW	/lustre/work/jyanglab/subhash/NEW/picard/PI533849/PI533849_picard_dedup.bam
PI533850	NEW	/lustre/work/jyanglab/subhash/NEW/picard/PI533850/PI533850_picard_dedup.bam
PI533851	NEW	/lustre/work/jyanglab/subhash/NEW/picard/PI533851/PI533851_picard_dedup.bam
PI533852	NEW	/lustre/work/jyanglab/subhash/NEW/picard/PI533852/PI533852_picard_dedup.bam
PI533852	SAP	/lustre/work/jyanglab/subhash/SAP/picard/dedup_trimmed/PI533852_picard_dedup.bam
PI533853	NEW	/lustre/work/jyanglab/subhash/NEW/picard/PI533853/PI533853_picard_dedup.bam
PI533854	NEW	/lustre/work/jyanglab/subhash/NEW/picard/PI533854/PI533854_picard_dedup.bam
PI533855	NEW	/lustre/work/jyanglab/subhash/NEW/picard/PI533855/PI533855_picard_dedup.bam
PI533855	SAP	/lustre/work/jyanglab/subhash/SAP/picard/dedup_trimmed/PI533855_picard_dedup.bam
PI533856	NEW	/lustre/work/jyanglab/subhash/NEW/picard/PI533856/PI533856_picard_dedup.bam
PI533856	SAP	/lustre/work/jyanglab/subhash/SAP/picard/dedup_trimmed/PI533856_picard_dedup.bam
PI533857	NEW	/lustre/work/jyanglab/subhash/NEW/picard/PI533857/PI533857_picard_dedup.bam
PI533858	NEW	/lustre/work/jyanglab/subhash/NEW/picard/PI533858/PI533858_picard_dedup.bam
PI533859	NEW	/lustre/work/jyanglab/subhash/NEW/picard/PI533859/PI533859_picard_dedup.bam
PI533860	NEW	/lustre/work/jyanglab/subhash/NEW/picard/PI533860/PI533860_picard_dedup.bam
PI533861	NEW	/lustre/work/jyanglab/subhash/NEW/picard/PI533861/PI533861_picard_dedup.bam
PI533862	NEW	/lustre/work/jyanglab/subhash/NEW/picard/PI533862/PI533862_picard_dedup.bam
PI533863	NEW	/lustre/work/jyanglab/subhash/NEW/picard/PI533863/PI533863_picard_dedup.bam
PI533863	SAP	/lustre/work/jyanglab/subhash/SAP/picard/dedup_trimmed/PI533863_picard_dedup.bam
PI533864	NEW	/lustre/work/jyanglab/subhash/NEW/picard/PI533864/PI533864_picard_dedup.bam
PI533865	NEW	/lustre/work/jyanglab/subhash/NEW/picard/PI533865/PI533865_picard_dedup.bam
PI533866	NEW	/lustre/work/jyanglab/subhash/NEW/picard/PI533866/PI533866_picard_dedup.bam
PI533866	SAP	/lustre/work/jyanglab/subhash/SAP/picard/dedup_trimmed/PI533866_picard_dedup.bam
PI533867	NEW	/lustre/work/jyanglab/subhash/NEW/picard/PI533867/PI533867_picard_dedup.bam
PI533869	SAP	/lustre/work/jyanglab/subhash/SAP/picard/dedup_trimmed/PI533869_picard_dedup.bam
PI533870	NEW	/lustre/work/jyanglab/subhash/NEW/picard/PI533870/PI533870_picard_dedup.bam
PI533871	SAP	/lustre/work/jyanglab/subhash/SAP/picard/dedup_trimmed/PI533871_picard_dedup.bam
PI533872	NEW	/lustre/work/jyanglab/subhash/NEW/picard/PI533872/PI533872_picard_dedup.bam
PI533873	NEW	/lustre/work/jyanglab/subhash/NEW/picard/PI533873/PI533873_picard_dedup.bam
PI533874	NEW	/lustre/work/jyanglab/subhash/NEW/picard/PI533874/PI533874_picard_dedup.bam
PI533876	NEW	/lustre/work/jyanglab/subhash/NEW/picard/PI533876/PI533876_picard_dedup.bam
PI533876	SAP	/lustre/work/jyanglab/subhash/SAP/picard/dedup_trimmed/PI533876_picard_dedup.bam
PI533877	NEW	/lustre/work/jyanglab/subhash/NEW/picard/PI533877/PI533877_picard_dedup.bam
PI533877	SAP	/lustre/work/jyanglab/subhash/SAP/picard/dedup_trimmed/PI533877_picard_dedup.bam
PI533878	SAP	/lustre/work/jyanglab/subhash/SAP/picard/dedup_trimmed/PI533878_picard_dedup.bam
PI533879	NEW	/lustre/work/jyanglab/subhash/NEW/picard/PI533879/PI533879_picard_dedup.bam
PI533880	NEW	/lustre/work/jyanglab/subhash/NEW/picard/PI533880/PI533880_picard_dedup.bam
PI533881	NEW	/lustre/work/jyanglab/subhash/NEW/picard/PI533881/PI533881_picard_dedup.bam
PI533882	SAP	/lustre/work/jyanglab/subhash/SAP/picard/dedup_trimmed/PI533882_picard_dedup.bam
PI533883	NEW	/lustre/work/jyanglab/subhash/NEW/picard/PI533883/PI533883_picard_dedup.bam
PI533884	NEW	/lustre/work/jyanglab/subhash/NEW/picard/PI533884/PI533884_picard_dedup.bam
PI533885	NEW	/lustre/work/jyanglab/subhash/NEW/picard/PI533885/PI533885_picard_dedup.bam
PI533887	NEW	/lustre/work/jyanglab/subhash/NEW/picard/PI533887/PI533887_picard_dedup.bam
PI533888	NEW	/lustre/work/jyanglab/subhash/NEW/picard/PI533888/PI533888_picard_dedup.bam
PI533890	NEW	/lustre/work/jyanglab/subhash/NEW/picard/PI533890/PI533890_picard_dedup.bam
PI533893	NEW	/lustre/work/jyanglab/subhash/NEW/picard/PI533893/PI533893_picard_dedup.bam
PI533894	NEW	/lustre/work/jyanglab/subhash/NEW/picard/PI533894/PI533894_picard_dedup.bam
PI533895	NEW	/lustre/work/jyanglab/subhash/NEW/picard/PI533895/PI533895_picard_dedup.bam
PI533897	NEW	/lustre/work/jyanglab/subhash/NEW/picard/PI533897/PI533897_picard_dedup.bam
PI533898	NEW	/lustre/work/jyanglab/subhash/NEW/picard/PI533898/PI533898_picard_dedup.bam
PI533899	NEW	/lustre/work/jyanglab/subhash/NEW/picard/PI533899/PI533899_picard_dedup.bam
PI533900	NEW	/lustre/work/jyanglab/subhash/NEW/picard/PI533900/PI533900_picard_dedup.bam
PI533901	SAP	/lustre/work/jyanglab/subhash/SAP/picard/dedup_trimmed/PI533901_picard_dedup.bam
PI533902	NEW	/lustre/work/jyanglab/subhash/NEW/picard/PI533902/PI533902_picard_dedup.bam
PI533902	SAP	/lustre/work/jyanglab/subhash/SAP/picard/dedup_trimmed/PI533902_picard_dedup.bam
PI533903	SAP	/lustre/work/jyanglab/subhash/SAP/picard/dedup_trimmed/PI533903_picard_dedup.bam
PI533904	NEW	/lustre/work/jyanglab/subhash/NEW/picard/PI533904/PI533904_picard_dedup.bam
PI533905_1	NEW	/lustre/work/jyanglab/subhash/NEW/picard/PI533905_1/PI533905_1_picard_dedup.bam
PI533905_2	NEW	/lustre/work/jyanglab/subhash/NEW/picard/PI533905_2/PI533905_2_picard_dedup.bam
PI533906	NEW	/lustre/work/jyanglab/subhash/NEW/picard/PI533906/PI533906_picard_dedup.bam
PI533907	NEW	/lustre/work/jyanglab/subhash/NEW/picard/PI533907/PI533907_picard_dedup.bam
PI533908	NEW	/lustre/work/jyanglab/subhash/NEW/picard/PI533908/PI533908_picard_dedup.bam
PI533909	NEW	/lustre/work/jyanglab/subhash/NEW/picard/PI533909/PI533909_picard_dedup.bam
PI533910	SAP	/lustre/work/jyanglab/subhash/SAP/picard/dedup_trimmed/PI533910_picard_dedup.bam
PI533911	SAP	/lustre/work/jyanglab/subhash/SAP/picard/dedup_trimmed/PI533911_picard_dedup.bam
PI533912	SAP	/lustre/work/jyanglab/subhash/SAP/picard/dedup_trimmed/PI533912_picard_dedup.bam
PI533913	SAP	/lustre/work/jyanglab/subhash/SAP/picard/dedup_trimmed/PI533913_picard_dedup.bam
PI533914	NEW	/lustre/work/jyanglab/subhash/NEW/picard/PI533914/PI533914_picard_dedup.bam
PI533915	SAP	/lustre/work/jyanglab/subhash/SAP/picard/dedup_trimmed/PI533915_picard_dedup.bam
PI533916	NEW	/lustre/work/jyanglab/subhash/NEW/picard/PI533916/PI533916_picard_dedup.bam
PI533917	NEW	/lustre/work/jyanglab/subhash/NEW/picard/PI533917/PI533917_picard_dedup.bam
PI533918	NEW	/lustre/work/jyanglab/subhash/NEW/picard/PI533918/PI533918_picard_dedup.bam
PI533919	SAP	/lustre/work/jyanglab/subhash/SAP/picard/dedup_trimmed/PI533919_picard_dedup.bam
PI533920	NEW	/lustre/work/jyanglab/subhash/NEW/picard/PI533920/PI533920_picard_dedup.bam
PI533921	SAP	/lustre/work/jyanglab/subhash/SAP/picard/dedup_trimmed/PI533921_picard_dedup.bam
PI533922	NEW	/lustre/work/jyanglab/subhash/NEW/picard/PI533922/PI533922_picard_dedup.bam
PI533923	NEW	/lustre/work/jyanglab/subhash/NEW/picard/PI533923/PI533923_picard_dedup.bam
PI533924	NEW	/lustre/work/jyanglab/subhash/NEW/picard/PI533924/PI533924_picard_dedup.bam
PI533924	SAP	/lustre/work/jyanglab/subhash/SAP/picard/dedup_trimmed/PI533924_picard_dedup.bam
PI533925	NEW	/lustre/work/jyanglab/subhash/NEW/picard/PI533925/PI533925_picard_dedup.bam
PI533926	NEW	/lustre/work/jyanglab/subhash/NEW/picard/PI533926/PI533926_picard_dedup.bam
PI533927	SAP	/lustre/work/jyanglab/subhash/SAP/picard/dedup_trimmed/PI533927_picard_dedup.bam
PI533928	NEW	/lustre/work/jyanglab/subhash/NEW/picard/PI533928/PI533928_picard_dedup.bam
PI533929	NEW	/lustre/work/jyanglab/subhash/NEW/picard/PI533929/PI533929_picard_dedup.bam
PI533930	NEW	/lustre/work/jyanglab/subhash/NEW/picard/PI533930/PI533930_picard_dedup.bam
PI533931	NEW	/lustre/work/jyanglab/subhash/NEW/picard/PI533931/PI533931_picard_dedup.bam
PI533932	NEW	/lustre/work/jyanglab/subhash/NEW/picard/PI533932/PI533932_picard_dedup.bam
PI533933	NEW	/lustre/work/jyanglab/subhash/NEW/picard/PI533933/PI533933_picard_dedup.bam
PI533934	NEW	/lustre/work/jyanglab/subhash/NEW/picard/PI533934/PI533934_picard_dedup.bam
PI533935	NEW	/lustre/work/jyanglab/subhash/NEW/picard/PI533935/PI533935_picard_dedup.bam
PI533936	SAP	/lustre/work/jyanglab/subhash/SAP/picard/dedup_trimmed/PI533936_picard_dedup.bam
PI533937	SAP	/lustre/work/jyanglab/subhash/SAP/picard/dedup_trimmed/PI533937_picard_dedup.bam
PI533938	SAP	/lustre/work/jyanglab/subhash/SAP/picard/dedup_trimmed/PI533938_picard_dedup.bam
PI533939	NEW	/lustre/work/jyanglab/subhash/NEW/picard/PI533939/PI533939_picard_dedup.bam
PI533939	SAP	/lustre/work/jyanglab/subhash/SAP/picard/dedup_trimmed/PI533939_picard_dedup.bam
PI533940	SAP	/lustre/work/jyanglab/subhash/SAP/picard/dedup_trimmed/PI533940_picard_dedup.bam
PI533941	NEW	/lustre/work/jyanglab/subhash/NEW/picard/PI533941/PI533941_picard_dedup.bam
PI533942	NEW	/lustre/work/jyanglab/subhash/NEW/picard/PI533942/PI533942_picard_dedup.bam
PI533943	SAP	/lustre/work/jyanglab/subhash/SAP/picard/dedup_trimmed/PI533943_picard_dedup.bam
PI533944	NEW	/lustre/work/jyanglab/subhash/NEW/picard/PI533944/PI533944_picard_dedup.bam
PI533946	NEW	/lustre/work/jyanglab/subhash/NEW/picard/PI533946/PI533946_picard_dedup.bam
PI533947	NEW	/lustre/work/jyanglab/subhash/NEW/picard/PI533947/PI533947_picard_dedup.bam
PI533948	SAP	/lustre/work/jyanglab/subhash/SAP/picard/dedup_trimmed/PI533948_picard_dedup.bam
PI533949	SAP	/lustre/work/jyanglab/subhash/SAP/picard/dedup_trimmed/PI533949_picard_dedup.bam
PI533950	NEW	/lustre/work/jyanglab/subhash/NEW/picard/PI533950/PI533950_picard_dedup.bam
PI533951	NEW	/lustre/work/jyanglab/subhash/NEW/picard/PI533951/PI533951_picard_dedup.bam
PI533952	NEW	/lustre/work/jyanglab/subhash/NEW/picard/PI533952/PI533952_picard_dedup.bam
PI533953	NEW	/lustre/work/jyanglab/subhash/NEW/picard/PI533953/PI533953_picard_dedup.bam
PI533954	SAP	/lustre/work/jyanglab/subhash/SAP/picard/dedup_trimmed/PI533954_picard_dedup.bam
PI533955	SAP	/lustre/work/jyanglab/subhash/SAP/picard/dedup_trimmed/PI533955_picard_dedup.bam
PI533956	SAP	/lustre/work/jyanglab/subhash/SAP/picard/dedup_trimmed/PI533956_picard_dedup.bam
PI533957	SAP	/lustre/work/jyanglab/subhash/SAP/picard/dedup_trimmed/PI533957_picard_dedup.bam
PI533958	NEW	/lustre/work/jyanglab/subhash/NEW/picard/PI533958/PI533958_picard_dedup.bam
PI533959	NEW	/lustre/work/jyanglab/subhash/NEW/picard/PI533959/PI533959_picard_dedup.bam
PI533960	NEW	/lustre/work/jyanglab/subhash/NEW/picard/PI533960/PI533960_picard_dedup.bam
PI533961	NEW	/lustre/work/jyanglab/subhash/NEW/picard/PI533961/PI533961_picard_dedup.bam
PI533961	SAP	/lustre/work/jyanglab/subhash/SAP/picard/dedup_trimmed/PI533961_picard_dedup.bam
PI533962	SAP	/lustre/work/jyanglab/subhash/SAP/picard/dedup_trimmed/PI533962_picard_dedup.bam
PI533963	NEW	/lustre/work/jyanglab/subhash/NEW/picard/PI533963/PI533963_picard_dedup.bam
PI533964	SAP	/lustre/work/jyanglab/subhash/SAP/picard/dedup_trimmed/PI533964_picard_dedup.bam
PI533965	SAP	/lustre/work/jyanglab/subhash/SAP/picard/dedup_trimmed/PI533965_picard_dedup.bam
PI533966	NEW	/lustre/work/jyanglab/subhash/NEW/picard/PI533966/PI533966_picard_dedup.bam
PI533967	SAP	/lustre/work/jyanglab/subhash/SAP/picard/dedup_trimmed/PI533967_picard_dedup.bam
PI533968	NEW	/lustre/work/jyanglab/subhash/NEW/picard/PI533968/PI533968_picard_dedup.bam
PI533969	NEW	/lustre/work/jyanglab/subhash/NEW/picard/PI533969/PI533969_picard_dedup.bam
PI533970	SAP	/lustre/work/jyanglab/subhash/SAP/picard/dedup_trimmed/PI533970_picard_dedup.bam
PI533971	NEW	/lustre/work/jyanglab/subhash/NEW/picard/PI533971/PI533971_picard_dedup.bam
PI533972	SAP	/lustre/work/jyanglab/subhash/SAP/picard/dedup_trimmed/PI533972_picard_dedup.bam
PI533973	NEW	/lustre/work/jyanglab/subhash/NEW/picard/PI533973/PI533973_picard_dedup.bam
PI533974	NEW	/lustre/work/jyanglab/subhash/NEW/picard/PI533974/PI533974_picard_dedup.bam
PI533975	NEW	/lustre/work/jyanglab/subhash/NEW/picard/PI533975/PI533975_picard_dedup.bam
PI533976	SAP	/lustre/work/jyanglab/subhash/SAP/picard/dedup_trimmed/PI533976_picard_dedup.bam
PI533977	NEW	/lustre/work/jyanglab/subhash/NEW/picard/PI533977/PI533977_picard_dedup.bam
PI533978	NEW	/lustre/work/jyanglab/subhash/NEW/picard/PI533978/PI533978_picard_dedup.bam
PI533979	SAP	/lustre/work/jyanglab/subhash/SAP/picard/dedup_trimmed/PI533979_picard_dedup.bam
PI533980	SAP	/lustre/work/jyanglab/subhash/SAP/picard/dedup_trimmed/PI533980_picard_dedup.bam
PI533981	NEW	/lustre/work/jyanglab/subhash/NEW/picard/PI533981/PI533981_picard_dedup.bam
PI533982	NEW	/lustre/work/jyanglab/subhash/NEW/picard/PI533982/PI533982_picard_dedup.bam
PI533983	NEW	/lustre/work/jyanglab/subhash/NEW/picard/PI533983/PI533983_picard_dedup.bam
PI533984	NEW	/lustre/work/jyanglab/subhash/NEW/picard/PI533984/PI533984_picard_dedup.bam
PI533985	SAP	/lustre/work/jyanglab/subhash/SAP/picard/dedup_trimmed/PI533985_picard_dedup.bam
PI533986	SAP	/lustre/work/jyanglab/subhash/SAP/picard/dedup_trimmed/PI533986_picard_dedup.bam
PI533987	SAP	/lustre/work/jyanglab/subhash/SAP/picard/dedup_trimmed/PI533987_picard_dedup.bam
PI533988	NEW	/lustre/work/jyanglab/subhash/NEW/picard/PI533988/PI533988_picard_dedup.bam
PI533989	SAP	/lustre/work/jyanglab/subhash/SAP/picard/dedup_trimmed/PI533989_picard_dedup.bam
PI533990	NEW	/lustre/work/jyanglab/subhash/NEW/picard/PI533990/PI533990_picard_dedup.bam
PI533991	SAP	/lustre/work/jyanglab/subhash/SAP/picard/dedup_trimmed/PI533991_picard_dedup.bam
PI533992	NEW	/lustre/work/jyanglab/subhash/NEW/picard/PI533992/PI533992_picard_dedup.bam
PI533993	NEW	/lustre/work/jyanglab/subhash/NEW/picard/PI533993/PI533993_picard_dedup.bam
PI533994	NEW	/lustre/work/jyanglab/subhash/NEW/picard/PI533994/PI533994_picard_dedup.bam
PI533995	NEW	/lustre/work/jyanglab/subhash/NEW/picard/PI533995/PI533995_picard_dedup.bam
PI533996	SAP	/lustre/work/jyanglab/subhash/SAP/picard/dedup_trimmed/PI533996_picard_dedup.bam
PI533997	SAP	/lustre/work/jyanglab/subhash/SAP/picard/dedup_trimmed/PI533997_picard_dedup.bam
PI533999	NEW	/lustre/work/jyanglab/subhash/NEW/picard/PI533999/PI533999_picard_dedup.bam
PI534001	NEW	/lustre/work/jyanglab/subhash/NEW/picard/PI534001/PI534001_picard_dedup.bam
PI534002	NEW	/lustre/work/jyanglab/subhash/NEW/picard/PI534002/PI534002_picard_dedup.bam
PI534004	NEW	/lustre/work/jyanglab/subhash/NEW/picard/PI534004/PI534004_picard_dedup.bam
PI534005	NEW	/lustre/work/jyanglab/subhash/NEW/picard/PI534005/PI534005_picard_dedup.bam
PI534006	NEW	/lustre/work/jyanglab/subhash/NEW/picard/PI534006/PI534006_picard_dedup.bam
PI534007	NEW	/lustre/work/jyanglab/subhash/NEW/picard/PI534007/PI534007_picard_dedup.bam
PI534008	NEW	/lustre/work/jyanglab/subhash/NEW/picard/PI534008/PI534008_picard_dedup.bam
PI534009	SAP	/lustre/work/jyanglab/subhash/SAP/picard/dedup_trimmed/PI534009_picard_dedup.bam
PI534010	NEW	/lustre/work/jyanglab/subhash/NEW/picard/PI534010/PI534010_picard_dedup.bam
PI534011	NEW	/lustre/work/jyanglab/subhash/NEW/picard/PI534011/PI534011_picard_dedup.bam
PI534013	NEW	/lustre/work/jyanglab/subhash/NEW/picard/PI534013/PI534013_picard_dedup.bam
PI534014	NEW	/lustre/work/jyanglab/subhash/NEW/picard/PI534014/PI534014_picard_dedup.bam
PI534015	NEW	/lustre/work/jyanglab/subhash/NEW/picard/PI534015/PI534015_picard_dedup.bam
PI534016	NEW	/lustre/work/jyanglab/subhash/NEW/picard/PI534016/PI534016_picard_dedup.bam
PI534017	NEW	/lustre/work/jyanglab/subhash/NEW/picard/PI534017/PI534017_picard_dedup.bam
PI534018	NEW	/lustre/work/jyanglab/subhash/NEW/picard/PI534018/PI534018_picard_dedup.bam
PI534019	NEW	/lustre/work/jyanglab/subhash/NEW/picard/PI534019/PI534019_picard_dedup.bam
PI534020	NEW	/lustre/work/jyanglab/subhash/NEW/picard/PI534020/PI534020_picard_dedup.bam
PI534021	SAP	/lustre/work/jyanglab/subhash/SAP/picard/dedup_trimmed/PI534021_picard_dedup.bam
PI534022	NEW	/lustre/work/jyanglab/subhash/NEW/picard/PI534022/PI534022_picard_dedup.bam
PI534023	NEW	/lustre/work/jyanglab/subhash/NEW/picard/PI534023/PI534023_picard_dedup.bam
PI534024	NEW	/lustre/work/jyanglab/subhash/NEW/picard/PI534024/PI534024_picard_dedup.bam
PI534025	NEW	/lustre/work/jyanglab/subhash/NEW/picard/PI534025/PI534025_picard_dedup.bam
PI534026	NEW	/lustre/work/jyanglab/subhash/NEW/picard/PI534026/PI534026_picard_dedup.bam
PI534027	NEW	/lustre/work/jyanglab/subhash/NEW/picard/PI534027/PI534027_picard_dedup.bam
PI534028	SAP	/lustre/work/jyanglab/subhash/SAP/picard/dedup_trimmed/PI534028_picard_dedup.bam
PI534030	NEW	/lustre/work/jyanglab/subhash/NEW/picard/PI534030/PI534030_picard_dedup.bam
PI534031	NEW	/lustre/work/jyanglab/subhash/NEW/picard/PI534031/PI534031_picard_dedup.bam
PI534032	NEW	/lustre/work/jyanglab/subhash/NEW/picard/PI534032/PI534032_picard_dedup.bam
PI534033	NEW	/lustre/work/jyanglab/subhash/NEW/picard/PI534033/PI534033_picard_dedup.bam
PI534034	NEW	/lustre/work/jyanglab/subhash/NEW/picard/PI534034/PI534034_picard_dedup.bam
PI534035	NEW	/lustre/work/jyanglab/subhash/NEW/picard/PI534035/PI534035_picard_dedup.bam
PI534036	NEW	/lustre/work/jyanglab/subhash/NEW/picard/PI534036/PI534036_picard_dedup.bam
PI534037	SAP	/lustre/work/jyanglab/subhash/SAP/picard/dedup_trimmed/PI534037_picard_dedup.bam
PI534038	NEW	/lustre/work/jyanglab/subhash/NEW/picard/PI534038/PI534038_picard_dedup.bam
PI534040	NEW	/lustre/work/jyanglab/subhash/NEW/picard/PI534040/PI534040_picard_dedup.bam
PI534041	NEW	/lustre/work/jyanglab/subhash/NEW/picard/PI534041/PI534041_picard_dedup.bam
PI534042	NEW	/lustre/work/jyanglab/subhash/NEW/picard/PI534042/PI534042_picard_dedup.bam
PI534043	NEW	/lustre/work/jyanglab/subhash/NEW/picard/PI534043/PI534043_picard_dedup.bam
PI534044	NEW	/lustre/work/jyanglab/subhash/NEW/picard/PI534044/PI534044_picard_dedup.bam
PI534045	NEW	/lustre/work/jyanglab/subhash/NEW/picard/PI534045/PI534045_picard_dedup.bam
PI534046	SAP	/lustre/work/jyanglab/subhash/SAP/picard/dedup_trimmed/PI534046_picard_dedup.bam
PI534047	SAP	/lustre/work/jyanglab/subhash/SAP/picard/dedup_trimmed/PI534047_picard_dedup.bam
PI534049	NEW	/lustre/work/jyanglab/subhash/NEW/picard/PI534049/PI534049_picard_dedup.bam
PI534050	NEW	/lustre/work/jyanglab/subhash/NEW/picard/PI534050/PI534050_picard_dedup.bam
PI534051	NEW	/lustre/work/jyanglab/subhash/NEW/picard/PI534051/PI534051_picard_dedup.bam
PI534052	NEW	/lustre/work/jyanglab/subhash/NEW/picard/PI534052/PI534052_picard_dedup.bam
PI534053	SAP	/lustre/work/jyanglab/subhash/SAP/picard/dedup_trimmed/PI534053_picard_dedup.bam
PI534054	SAP	/lustre/work/jyanglab/subhash/SAP/picard/dedup_trimmed/PI534054_picard_dedup.bam
PI534055	NEW	/lustre/work/jyanglab/subhash/NEW/picard/PI534055/PI534055_picard_dedup.bam
PI534057	NEW	/lustre/work/jyanglab/subhash/NEW/picard/PI534057/PI534057_picard_dedup.bam
PI534058	NEW	/lustre/work/jyanglab/subhash/NEW/picard/PI534058/PI534058_picard_dedup.bam
PI534059	NEW	/lustre/work/jyanglab/subhash/NEW/picard/PI534059/PI534059_picard_dedup.bam
PI534060	NEW	/lustre/work/jyanglab/subhash/NEW/picard/PI534060/PI534060_picard_dedup.bam
PI534061	NEW	/lustre/work/jyanglab/subhash/NEW/picard/PI534061/PI534061_picard_dedup.bam
PI534062	NEW	/lustre/work/jyanglab/subhash/NEW/picard/PI534062/PI534062_picard_dedup.bam
PI534063	NEW	/lustre/work/jyanglab/subhash/NEW/picard/PI534063/PI534063_picard_dedup.bam
PI534063	SAP	/lustre/work/jyanglab/subhash/SAP/picard/dedup_trimmed/PI534063_picard_dedup.bam
PI534065	NEW	/lustre/work/jyanglab/subhash/NEW/picard/PI534065/PI534065_picard_dedup.bam
PI534066	NEW	/lustre/work/jyanglab/subhash/NEW/picard/PI534066/PI534066_picard_dedup.bam
PI534067	NEW	/lustre/work/jyanglab/subhash/NEW/picard/PI534067/PI534067_picard_dedup.bam
PI534069	NEW	/lustre/work/jyanglab/subhash/NEW/picard/PI534069/PI534069_picard_dedup.bam
PI534070	SAP	/lustre/work/jyanglab/subhash/SAP/picard/dedup_trimmed/PI534070_picard_dedup.bam
PI534072	NEW	/lustre/work/jyanglab/subhash/NEW/picard/PI534072/PI534072_picard_dedup.bam
PI534073	NEW	/lustre/work/jyanglab/subhash/NEW/picard/PI534073/PI534073_picard_dedup.bam
PI534074	NEW	/lustre/work/jyanglab/subhash/NEW/picard/PI534074/PI534074_picard_dedup.bam
PI534075	SAP	/lustre/work/jyanglab/subhash/SAP/picard/dedup_trimmed/PI534075_picard_dedup.bam
PI534076	NEW	/lustre/work/jyanglab/subhash/NEW/picard/PI534076/PI534076_picard_dedup.bam
PI534077	NEW	/lustre/work/jyanglab/subhash/NEW/picard/PI534077/PI534077_picard_dedup.bam
PI534078	NEW	/lustre/work/jyanglab/subhash/NEW/picard/PI534078/PI534078_picard_dedup.bam
PI534079	SAP	/lustre/work/jyanglab/subhash/SAP/picard/dedup_trimmed/PI534079_picard_dedup.bam
PI534080	NEW	/lustre/work/jyanglab/subhash/NEW/picard/PI534080/PI534080_picard_dedup.bam
PI534081	NEW	/lustre/work/jyanglab/subhash/NEW/picard/PI534081/PI534081_picard_dedup.bam
PI534082	NEW	/lustre/work/jyanglab/subhash/NEW/picard/PI534082/PI534082_picard_dedup.bam
PI534083	NEW	/lustre/work/jyanglab/subhash/NEW/picard/PI534083/PI534083_picard_dedup.bam
PI534084	NEW	/lustre/work/jyanglab/subhash/NEW/picard/PI534084/PI534084_picard_dedup.bam
PI534085	NEW	/lustre/work/jyanglab/subhash/NEW/picard/PI534085/PI534085_picard_dedup.bam
PI534086	NEW	/lustre/work/jyanglab/subhash/NEW/picard/PI534086/PI534086_picard_dedup.bam
PI534087	NEW	/lustre/work/jyanglab/subhash/NEW/picard/PI534087/PI534087_picard_dedup.bam
PI534088	SAP	/lustre/work/jyanglab/subhash/SAP/picard/dedup_trimmed/PI534088_picard_dedup.bam
PI534089	NEW	/lustre/work/jyanglab/subhash/NEW/picard/PI534089/PI534089_picard_dedup.bam
PI534090	NEW	/lustre/work/jyanglab/subhash/NEW/picard/PI534090/PI534090_picard_dedup.bam
PI534091	NEW	/lustre/work/jyanglab/subhash/NEW/picard/PI534091/PI534091_picard_dedup.bam
PI534092	SAP	/lustre/work/jyanglab/subhash/SAP/picard/dedup_trimmed/PI534092_picard_dedup.bam
PI534093	NEW	/lustre/work/jyanglab/subhash/NEW/picard/PI534093/PI534093_picard_dedup.bam
PI534094	NEW	/lustre/work/jyanglab/subhash/NEW/picard/PI534094/PI534094_picard_dedup.bam
PI534096	SAP	/lustre/work/jyanglab/subhash/SAP/picard/dedup_trimmed/PI534096_picard_dedup.bam
PI534097	SAP	/lustre/work/jyanglab/subhash/SAP/picard/dedup_trimmed/PI534097_picard_dedup.bam
PI534098	NEW	/lustre/work/jyanglab/subhash/NEW/picard/PI534098/PI534098_picard_dedup.bam
PI534099	SAP	/lustre/work/jyanglab/subhash/SAP/picard/dedup_trimmed/PI534099_picard_dedup.bam
PI534100	NEW	/lustre/work/jyanglab/subhash/NEW/picard/PI534100/PI534100_picard_dedup.bam
PI534101	NEW	/lustre/work/jyanglab/subhash/NEW/picard/PI534101/PI534101_picard_dedup.bam
PI534101	SAP	/lustre/work/jyanglab/subhash/SAP/picard/dedup_trimmed/PI534101_picard_dedup.bam
PI534102	NEW	/lustre/work/jyanglab/subhash/NEW/picard/PI534102/PI534102_picard_dedup.bam
PI534103	NEW	/lustre/work/jyanglab/subhash/NEW/picard/PI534103/PI534103_picard_dedup.bam
PI534105	SAP	/lustre/work/jyanglab/subhash/SAP/picard/dedup_trimmed/PI534105_picard_dedup.bam
PI534106	NEW	/lustre/work/jyanglab/subhash/NEW/picard/PI534106/PI534106_picard_dedup.bam
PI534107	NEW	/lustre/work/jyanglab/subhash/NEW/picard/PI534107/PI534107_picard_dedup.bam
PI534108	NEW	/lustre/work/jyanglab/subhash/NEW/picard/PI534108/PI534108_picard_dedup.bam
PI534108	SAP	/lustre/work/jyanglab/subhash/SAP/picard/dedup_trimmed/PI534108_picard_dedup.bam
PI534109	NEW	/lustre/work/jyanglab/subhash/NEW/picard/PI534109/PI534109_picard_dedup.bam
PI534110	NEW	/lustre/work/jyanglab/subhash/NEW/picard/PI534110/PI534110_picard_dedup.bam
PI534111	NEW	/lustre/work/jyanglab/subhash/NEW/picard/PI534111/PI534111_picard_dedup.bam
PI534112	NEW	/lustre/work/jyanglab/subhash/NEW/picard/PI534112/PI534112_picard_dedup.bam
PI534112	SAP	/lustre/work/jyanglab/subhash/SAP/picard/dedup_trimmed/PI534112_picard_dedup.bam
PI534113	NEW	/lustre/work/jyanglab/subhash/NEW/picard/PI534113/PI534113_picard_dedup.bam
PI534114	SAP	/lustre/work/jyanglab/subhash/SAP/picard/dedup_trimmed/PI534114_picard_dedup.bam
PI534115	SAP	/lustre/work/jyanglab/subhash/SAP/picard/dedup_trimmed/PI534115_picard_dedup.bam
PI534116	SAP	/lustre/work/jyanglab/subhash/SAP/picard/dedup_trimmed/PI534116_picard_dedup.bam
PI534117	SAP	/lustre/work/jyanglab/subhash/SAP/picard/dedup_trimmed/PI534117_picard_dedup.bam
PI534118	NEW	/lustre/work/jyanglab/subhash/NEW/picard/PI534118/PI534118_picard_dedup.bam
PI534119	NEW	/lustre/work/jyanglab/subhash/NEW/picard/PI534119/PI534119_picard_dedup.bam
PI534120	NEW	/lustre/work/jyanglab/subhash/NEW/picard/PI534120/PI534120_picard_dedup.bam
PI534121	NEW	/lustre/work/jyanglab/subhash/NEW/picard/PI534121/PI534121_picard_dedup.bam
PI534122	NEW	/lustre/work/jyanglab/subhash/NEW/picard/PI534122/PI534122_picard_dedup.bam
PI534123	NEW	/lustre/work/jyanglab/subhash/NEW/picard/PI534123/PI534123_picard_dedup.bam
PI534123	SAP	/lustre/work/jyanglab/subhash/SAP/picard/dedup_trimmed/PI534123_picard_dedup.bam
PI534124	NEW	/lustre/work/jyanglab/subhash/NEW/picard/PI534124/PI534124_picard_dedup.bam
PI534124	SAP	/lustre/work/jyanglab/subhash/SAP/picard/dedup_trimmed/PI534124_picard_dedup.bam
PI534125	NEW	/lustre/work/jyanglab/subhash/NEW/picard/PI534125/PI534125_picard_dedup.bam
PI534126_1	NEW	/lustre/work/jyanglab/subhash/NEW/picard/PI534126_1/PI534126_1_picard_dedup.bam
PI534126_2	NEW	/lustre/work/jyanglab/subhash/NEW/picard/PI534126_2/PI534126_2_picard_dedup.bam
PI534127	NEW	/lustre/work/jyanglab/subhash/NEW/picard/PI534127/PI534127_picard_dedup.bam
PI534127	SAP	/lustre/work/jyanglab/subhash/SAP/picard/dedup_trimmed/PI534127_picard_dedup.bam
PI534128	SAP	/lustre/work/jyanglab/subhash/SAP/picard/dedup_trimmed/PI534128_picard_dedup.bam
PI534130	NEW	/lustre/work/jyanglab/subhash/NEW/picard/PI534130/PI534130_picard_dedup.bam
PI534131	NEW	/lustre/work/jyanglab/subhash/NEW/picard/PI534131/PI534131_picard_dedup.bam
PI534132	NEW	/lustre/work/jyanglab/subhash/NEW/picard/PI534132/PI534132_picard_dedup.bam
PI534132	SAP	/lustre/work/jyanglab/subhash/SAP/picard/dedup_trimmed/PI534132_picard_dedup.bam
PI534133	SAP	/lustre/work/jyanglab/subhash/SAP/picard/dedup_trimmed/PI534133_picard_dedup.bam
PI534134	NEW	/lustre/work/jyanglab/subhash/NEW/picard/PI534134/PI534134_picard_dedup.bam
PI534135	SAP	/lustre/work/jyanglab/subhash/SAP/picard/dedup_trimmed/PI534135_picard_dedup.bam
PI534136	NEW	/lustre/work/jyanglab/subhash/NEW/picard/PI534136/PI534136_picard_dedup.bam
PI534137	SAP	/lustre/work/jyanglab/subhash/SAP/picard/dedup_trimmed/PI534137_picard_dedup.bam
PI534138	SAP	/lustre/work/jyanglab/subhash/SAP/picard/dedup_trimmed/PI534138_picard_dedup.bam
PI534139	SAP	/lustre/work/jyanglab/subhash/SAP/picard/dedup_trimmed/PI534139_picard_dedup.bam
PI534140	NEW	/lustre/work/jyanglab/subhash/NEW/picard/PI534140/PI534140_picard_dedup.bam
PI534141	NEW	/lustre/work/jyanglab/subhash/NEW/picard/PI534141/PI534141_picard_dedup.bam
PI534142	NEW	/lustre/work/jyanglab/subhash/NEW/picard/PI534142/PI534142_picard_dedup.bam
PI534143	NEW	/lustre/work/jyanglab/subhash/NEW/picard/PI534143/PI534143_picard_dedup.bam
PI534144	NEW	/lustre/work/jyanglab/subhash/NEW/picard/PI534144/PI534144_picard_dedup.bam
PI534144	SAP	/lustre/work/jyanglab/subhash/SAP/picard/dedup_trimmed/PI534144_picard_dedup.bam
PI534145	NEW	/lustre/work/jyanglab/subhash/NEW/picard/PI534145/PI534145_picard_dedup.bam
PI534145	SAP	/lustre/work/jyanglab/subhash/SAP/picard/dedup_trimmed/PI534145_picard_dedup.bam
PI534146	NEW	/lustre/work/jyanglab/subhash/NEW/picard/PI534146/PI534146_picard_dedup.bam
PI534147	NEW	/lustre/work/jyanglab/subhash/NEW/picard/PI534147/PI534147_picard_dedup.bam
PI534148	NEW	/lustre/work/jyanglab/subhash/NEW/picard/PI534148/PI534148_picard_dedup.bam
PI534148	SAP	/lustre/work/jyanglab/subhash/SAP/picard/dedup_trimmed/PI534148_picard_dedup.bam
PI534149	NEW	/lustre/work/jyanglab/subhash/NEW/picard/PI534149/PI534149_picard_dedup.bam
PI534150	NEW	/lustre/work/jyanglab/subhash/NEW/picard/PI534150/PI534150_picard_dedup.bam
PI534151	NEW	/lustre/work/jyanglab/subhash/NEW/picard/PI534151/PI534151_picard_dedup.bam
PI534152	NEW	/lustre/work/jyanglab/subhash/NEW/picard/PI534152/PI534152_picard_dedup.bam
PI534153	NEW	/lustre/work/jyanglab/subhash/NEW/picard/PI534153/PI534153_picard_dedup.bam
PI534154	NEW	/lustre/work/jyanglab/subhash/NEW/picard/PI534154/PI534154_picard_dedup.bam
PI534155	SAP	/lustre/work/jyanglab/subhash/SAP/picard/dedup_trimmed/PI534155_picard_dedup.bam
PI534156	NEW	/lustre/work/jyanglab/subhash/NEW/picard/PI534156/PI534156_picard_dedup.bam
PI534157	NEW	/lustre/work/jyanglab/subhash/NEW/picard/PI534157/PI534157_picard_dedup.bam
PI534157	SAP	/lustre/work/jyanglab/subhash/SAP/picard/dedup_trimmed/PI534157_picard_dedup.bam
PI534158	NEW	/lustre/work/jyanglab/subhash/NEW/picard/PI534158/PI534158_picard_dedup.bam
PI534159	NEW	/lustre/work/jyanglab/subhash/NEW/picard/PI534159/PI534159_picard_dedup.bam
PI534160	NEW	/lustre/work/jyanglab/subhash/NEW/picard/PI534160/PI534160_picard_dedup.bam
PI534162	NEW	/lustre/work/jyanglab/subhash/NEW/picard/PI534162/PI534162_picard_dedup.bam
PI534163	SAP	/lustre/work/jyanglab/subhash/SAP/picard/dedup_trimmed/PI534163_picard_dedup.bam
PI534164	NEW	/lustre/work/jyanglab/subhash/NEW/picard/PI534164/PI534164_picard_dedup.bam
PI534165	NEW	/lustre/work/jyanglab/subhash/NEW/picard/PI534165/PI534165_picard_dedup.bam
PI534166	NEW	/lustre/work/jyanglab/subhash/NEW/picard/PI534166/PI534166_picard_dedup.bam
PI534167	SAP	/lustre/work/jyanglab/subhash/SAP/picard/dedup_trimmed/PI534167_picard_dedup.bam
PI540816	SAP	/lustre/work/jyanglab/subhash/SAP/picard/dedup_trimmed/PI540816_picard_dedup.bam
PI542406	SAP	/lustre/work/jyanglab/subhash/SAP/picard/dedup_trimmed/PI542406_picard_dedup.bam
PI542718	SAP	/lustre/work/jyanglab/subhash/SAP/picard/dedup_trimmed/PI542718_picard_dedup.bam
PI548797	SAP	/lustre/work/jyanglab/subhash/SAP/picard/dedup_trimmed/PI548797_picard_dedup.bam
PI552856	SAP	/lustre/work/jyanglab/subhash/SAP/picard/dedup_trimmed/PI552856_picard_dedup.bam
PI552861	SAP	/lustre/work/jyanglab/subhash/SAP/picard/dedup_trimmed/PI552861_picard_dedup.bam
PI561071	SAP	/lustre/work/jyanglab/subhash/SAP/picard/dedup_trimmed/PI561071_picard_dedup.bam
PI561072	SAP	/lustre/work/jyanglab/subhash/SAP/picard/dedup_trimmed/PI561072_picard_dedup.bam
PI561073	SAP	/lustre/work/jyanglab/subhash/SAP/picard/dedup_trimmed/PI561073_picard_dedup.bam
PI561472	NEW	/lustre/work/jyanglab/subhash/NEW/picard/PI561472/PI561472_picard_dedup.bam
PI561472	SAP	/lustre/work/jyanglab/subhash/SAP/picard/dedup_trimmed/PI561472_picard_dedup.bam
PI562730	SAP	/lustre/work/jyanglab/subhash/SAP/picard/dedup_trimmed/PI562730_picard_dedup.bam
PI564163	SAP	/lustre/work/jyanglab/subhash/SAP/picard/dedup_trimmed/PI564163_picard_dedup.bam
PI564164	SAP	/lustre/work/jyanglab/subhash/SAP/picard/dedup_trimmed/PI564164_picard_dedup.bam
PI564165	SAP	/lustre/work/jyanglab/subhash/SAP/picard/dedup_trimmed/PI564165_picard_dedup.bam
PI565121	SAP	/lustre/work/jyanglab/subhash/SAP/picard/dedup_trimmed/PI565121_picard_dedup.bam
PI566819	SAP	/lustre/work/jyanglab/subhash/SAP/picard/dedup_trimmed/PI566819_picard_dedup.bam
PI576130	NEW	/lustre/work/jyanglab/subhash/NEW/picard/PI576130/PI576130_picard_dedup.bam
PI576130	SAP	/lustre/work/jyanglab/subhash/SAP/picard/dedup_trimmed/PI576130_picard_dedup.bam
PI576328	NEW	/lustre/work/jyanglab/subhash/NEW/picard/PI576328/PI576328_picard_dedup.bam
PI576329	NEW	/lustre/work/jyanglab/subhash/NEW/picard/PI576329/PI576329_picard_dedup.bam
PI576330	NEW	/lustre/work/jyanglab/subhash/NEW/picard/PI576330/PI576330_picard_dedup.bam
PI576331	NEW	/lustre/work/jyanglab/subhash/NEW/picard/PI576331/PI576331_picard_dedup.bam
PI576332	SAP	/lustre/work/jyanglab/subhash/SAP/picard/dedup_trimmed/PI576332_picard_dedup.bam
PI576333	SAP	/lustre/work/jyanglab/subhash/SAP/picard/dedup_trimmed/PI576333_picard_dedup.bam
PI576334	NEW	/lustre/work/jyanglab/subhash/NEW/picard/PI576334/PI576334_picard_dedup.bam
PI576335	NEW	/lustre/work/jyanglab/subhash/NEW/picard/PI576335/PI576335_picard_dedup.bam
PI576337	NEW	/lustre/work/jyanglab/subhash/NEW/picard/PI576337/PI576337_picard_dedup.bam
PI576337	SAP	/lustre/work/jyanglab/subhash/SAP/picard/dedup_trimmed/PI576337_picard_dedup.bam
PI576338	NEW	/lustre/work/jyanglab/subhash/NEW/picard/PI576338/PI576338_picard_dedup.bam
PI576339	SAP	/lustre/work/jyanglab/subhash/SAP/picard/dedup_trimmed/PI576339_picard_dedup.bam
PI576340	SAP	/lustre/work/jyanglab/subhash/SAP/picard/dedup_trimmed/PI576340_picard_dedup.bam
PI576341	NEW	/lustre/work/jyanglab/subhash/NEW/picard/PI576341/PI576341_picard_dedup.bam
PI576342	NEW	/lustre/work/jyanglab/subhash/NEW/picard/PI576342/PI576342_picard_dedup.bam
PI576343	NEW	/lustre/work/jyanglab/subhash/NEW/picard/PI576343/PI576343_picard_dedup.bam
PI576345	SAP	/lustre/work/jyanglab/subhash/SAP/picard/dedup_trimmed/PI576345_picard_dedup.bam
PI576346	NEW	/lustre/work/jyanglab/subhash/NEW/picard/PI576346/PI576346_picard_dedup.bam
PI576347	NEW	/lustre/work/jyanglab/subhash/NEW/picard/PI576347/PI576347_picard_dedup.bam
PI576347	SAP	/lustre/work/jyanglab/subhash/SAP/picard/dedup_trimmed/PI576347_picard_dedup.bam
PI576348	NEW	/lustre/work/jyanglab/subhash/NEW/picard/PI576348/PI576348_picard_dedup.bam
PI576348	SAP	/lustre/work/jyanglab/subhash/SAP/picard/dedup_trimmed/PI576348_picard_dedup.bam
PI576349	SAP	/lustre/work/jyanglab/subhash/SAP/picard/dedup_trimmed/PI576349_picard_dedup.bam
PI576350	SAP	/lustre/work/jyanglab/subhash/SAP/picard/dedup_trimmed/PI576350_picard_dedup.bam
PI576351	NEW	/lustre/work/jyanglab/subhash/NEW/picard/PI576351/PI576351_picard_dedup.bam
PI576352	SAP	/lustre/work/jyanglab/subhash/SAP/picard/dedup_trimmed/PI576352_picard_dedup.bam
PI576353	NEW	/lustre/work/jyanglab/subhash/NEW/picard/PI576353/PI576353_picard_dedup.bam
PI576354	NEW	/lustre/work/jyanglab/subhash/NEW/picard/PI576354/PI576354_picard_dedup.bam
PI576355	NEW	/lustre/work/jyanglab/subhash/NEW/picard/PI576355/PI576355_picard_dedup.bam
PI576357	NEW	/lustre/work/jyanglab/subhash/NEW/picard/PI576357/PI576357_picard_dedup.bam
PI576358	NEW	/lustre/work/jyanglab/subhash/NEW/picard/PI576358/PI576358_picard_dedup.bam
PI576359	SAP	/lustre/work/jyanglab/subhash/SAP/picard/dedup_trimmed/PI576359_picard_dedup.bam
PI576360	NEW	/lustre/work/jyanglab/subhash/NEW/picard/PI576360/PI576360_picard_dedup.bam
PI576361	NEW	/lustre/work/jyanglab/subhash/NEW/picard/PI576361/PI576361_picard_dedup.bam
PI576362	NEW	/lustre/work/jyanglab/subhash/NEW/picard/PI576362/PI576362_picard_dedup.bam
PI576363	NEW	/lustre/work/jyanglab/subhash/NEW/picard/PI576363/PI576363_picard_dedup.bam
PI576364	SAP	/lustre/work/jyanglab/subhash/SAP/picard/dedup_trimmed/PI576364_picard_dedup.bam
PI576366	SAP	/lustre/work/jyanglab/subhash/SAP/picard/dedup_trimmed/PI576366_picard_dedup.bam
PI576368	NEW	/lustre/work/jyanglab/subhash/NEW/picard/PI576368/PI576368_picard_dedup.bam
PI576369	NEW	/lustre/work/jyanglab/subhash/NEW/picard/PI576369/PI576369_picard_dedup.bam
PI576370	NEW	/lustre/work/jyanglab/subhash/NEW/picard/PI576370/PI576370_picard_dedup.bam
PI576371	NEW	/lustre/work/jyanglab/subhash/NEW/picard/PI576371/PI576371_picard_dedup.bam
PI576372	NEW	/lustre/work/jyanglab/subhash/NEW/picard/PI576372/PI576372_picard_dedup.bam
PI576373	SAP	/lustre/work/jyanglab/subhash/SAP/picard/dedup_trimmed/PI576373_picard_dedup.bam
PI576374	NEW	/lustre/work/jyanglab/subhash/NEW/picard/PI576374/PI576374_picard_dedup.bam
PI576375	SAP	/lustre/work/jyanglab/subhash/SAP/picard/dedup_trimmed/PI576375_picard_dedup.bam
PI576376	NEW	/lustre/work/jyanglab/subhash/NEW/picard/PI576376/PI576376_picard_dedup.bam
PI576376	SAP	/lustre/work/jyanglab/subhash/SAP/picard/dedup_trimmed/PI576376_picard_dedup.bam
PI576377	NEW	/lustre/work/jyanglab/subhash/NEW/picard/PI576377/PI576377_picard_dedup.bam
PI576378	NEW	/lustre/work/jyanglab/subhash/NEW/picard/PI576378/PI576378_picard_dedup.bam
PI576379	NEW	/lustre/work/jyanglab/subhash/NEW/picard/PI576379/PI576379_picard_dedup.bam
PI576380	SAP	/lustre/work/jyanglab/subhash/SAP/picard/dedup_trimmed/PI576380_picard_dedup.bam
PI576381	SAP	/lustre/work/jyanglab/subhash/SAP/picard/dedup_trimmed/PI576381_picard_dedup.bam
PI576382	NEW	/lustre/work/jyanglab/subhash/NEW/picard/PI576382/PI576382_picard_dedup.bam
PI576383	NEW	/lustre/work/jyanglab/subhash/NEW/picard/PI576383/PI576383_picard_dedup.bam
PI576385	SAP	/lustre/work/jyanglab/subhash/SAP/picard/dedup_trimmed/PI576385_picard_dedup.bam
PI576386	SAP	/lustre/work/jyanglab/subhash/SAP/picard/dedup_trimmed/PI576386_picard_dedup.bam
PI576387	SAP	/lustre/work/jyanglab/subhash/SAP/picard/dedup_trimmed/PI576387_picard_dedup.bam
PI576389	NEW	/lustre/work/jyanglab/subhash/NEW/picard/PI576389/PI576389_picard_dedup.bam
PI576390	SAP	/lustre/work/jyanglab/subhash/SAP/picard/dedup_trimmed/PI576390_picard_dedup.bam
PI576391	SAP	/lustre/work/jyanglab/subhash/SAP/picard/dedup_trimmed/PI576391_picard_dedup.bam
PI576392	NEW	/lustre/work/jyanglab/subhash/NEW/picard/PI576392/PI576392_picard_dedup.bam
PI576393	NEW	/lustre/work/jyanglab/subhash/NEW/picard/PI576393/PI576393_picard_dedup.bam
PI576393	SAP	/lustre/work/jyanglab/subhash/SAP/picard/dedup_trimmed/PI576393_picard_dedup.bam
PI576394	NEW	/lustre/work/jyanglab/subhash/NEW/picard/PI576394/PI576394_picard_dedup.bam
PI576394	SAP	/lustre/work/jyanglab/subhash/SAP/picard/dedup_trimmed/PI576394_picard_dedup.bam
PI576395	NEW	/lustre/work/jyanglab/subhash/NEW/picard/PI576395/PI576395_picard_dedup.bam
PI576396	SAP	/lustre/work/jyanglab/subhash/SAP/picard/dedup_trimmed/PI576396_picard_dedup.bam
PI576397	NEW	/lustre/work/jyanglab/subhash/NEW/picard/PI576397/PI576397_picard_dedup.bam
PI576398	NEW	/lustre/work/jyanglab/subhash/NEW/picard/PI576398/PI576398_picard_dedup.bam
PI576399	SAP	/lustre/work/jyanglab/subhash/SAP/picard/dedup_trimmed/PI576399_picard_dedup.bam
PI576400	NEW	/lustre/work/jyanglab/subhash/NEW/picard/PI576400/PI576400_picard_dedup.bam
PI576401	SAP	/lustre/work/jyanglab/subhash/SAP/picard/dedup_trimmed/PI576401_picard_dedup.bam
PI576402	NEW	/lustre/work/jyanglab/subhash/NEW/picard/PI576402/PI576402_picard_dedup.bam
PI576403	NEW	/lustre/work/jyanglab/subhash/NEW/picard/PI576403/PI576403_picard_dedup.bam
PI576404_1	NEW	/lustre/work/jyanglab/subhash/NEW/picard/PI576404_1/PI576404_1_picard_dedup.bam
PI576404_2	NEW	/lustre/work/jyanglab/subhash/NEW/picard/PI576404_2/PI576404_2_picard_dedup.bam
PI576405	NEW	/lustre/work/jyanglab/subhash/NEW/picard/PI576405/PI576405_picard_dedup.bam
PI576406	NEW	/lustre/work/jyanglab/subhash/NEW/picard/PI576406/PI576406_picard_dedup.bam
PI576407	NEW	/lustre/work/jyanglab/subhash/NEW/picard/PI576407/PI576407_picard_dedup.bam
PI576408	NEW	/lustre/work/jyanglab/subhash/NEW/picard/PI576408/PI576408_picard_dedup.bam
PI576409	NEW	/lustre/work/jyanglab/subhash/NEW/picard/PI576409/PI576409_picard_dedup.bam
PI576410	NEW	/lustre/work/jyanglab/subhash/NEW/picard/PI576410/PI576410_picard_dedup.bam
PI576411_1	NEW	/lustre/work/jyanglab/subhash/NEW/picard/PI576411_1/PI576411_1_picard_dedup.bam
PI576411_2	NEW	/lustre/work/jyanglab/subhash/NEW/picard/PI576411_2/PI576411_2_picard_dedup.bam
PI576412	NEW	/lustre/work/jyanglab/subhash/NEW/picard/PI576412/PI576412_picard_dedup.bam
PI576413	NEW	/lustre/work/jyanglab/subhash/NEW/picard/PI576413/PI576413_picard_dedup.bam
PI576414	NEW	/lustre/work/jyanglab/subhash/NEW/picard/PI576414/PI576414_picard_dedup.bam
PI576415	NEW	/lustre/work/jyanglab/subhash/NEW/picard/PI576415/PI576415_picard_dedup.bam
PI576416	NEW	/lustre/work/jyanglab/subhash/NEW/picard/PI576416/PI576416_picard_dedup.bam
PI576416_1	NEW	/lustre/work/jyanglab/subhash/NEW/picard/PI576416_1/PI576416_1_picard_dedup.bam
PI576417	NEW	/lustre/work/jyanglab/subhash/NEW/picard/PI576417/PI576417_picard_dedup.bam
PI576418	SAP	/lustre/work/jyanglab/subhash/SAP/picard/dedup_trimmed/PI576418_picard_dedup.bam
PI576419	NEW	/lustre/work/jyanglab/subhash/NEW/picard/PI576419/PI576419_picard_dedup.bam
PI576420	NEW	/lustre/work/jyanglab/subhash/NEW/picard/PI576420/PI576420_picard_dedup.bam
PI576421	NEW	/lustre/work/jyanglab/subhash/NEW/picard/PI576421/PI576421_picard_dedup.bam
PI576422	SAP	/lustre/work/jyanglab/subhash/SAP/picard/dedup_trimmed/PI576422_picard_dedup.bam
PI576423	NEW	/lustre/work/jyanglab/subhash/NEW/picard/PI576423/PI576423_picard_dedup.bam
PI576424	NEW	/lustre/work/jyanglab/subhash/NEW/picard/PI576424/PI576424_picard_dedup.bam
PI576425	NEW	/lustre/work/jyanglab/subhash/NEW/picard/PI576425/PI576425_picard_dedup.bam
PI576425	SAP	/lustre/work/jyanglab/subhash/SAP/picard/dedup_trimmed/PI576425_picard_dedup.bam
PI576426	SAP	/lustre/work/jyanglab/subhash/SAP/picard/dedup_trimmed/PI576426_picard_dedup.bam
PI576427	NEW	/lustre/work/jyanglab/subhash/NEW/picard/PI576427/PI576427_picard_dedup.bam
PI576428	SAP	/lustre/work/jyanglab/subhash/SAP/picard/dedup_trimmed/PI576428_picard_dedup.bam
PI576429	NEW	/lustre/work/jyanglab/subhash/NEW/picard/PI576429/PI576429_picard_dedup.bam
PI576430	NEW	/lustre/work/jyanglab/subhash/NEW/picard/PI576430/PI576430_picard_dedup.bam
PI576431	NEW	/lustre/work/jyanglab/subhash/NEW/picard/PI576431/PI576431_picard_dedup.bam
PI576432	NEW	/lustre/work/jyanglab/subhash/NEW/picard/PI576432/PI576432_picard_dedup.bam
PI576433	NEW	/lustre/work/jyanglab/subhash/NEW/picard/PI576433/PI576433_picard_dedup.bam
PI576434	SAP	/lustre/work/jyanglab/subhash/SAP/picard/dedup_trimmed/PI576434_picard_dedup.bam
PI576435	SAP	/lustre/work/jyanglab/subhash/SAP/picard/dedup_trimmed/PI576435_picard_dedup.bam
PI576436	NEW	/lustre/work/jyanglab/subhash/NEW/picard/PI576436/PI576436_picard_dedup.bam
PI576437	SAP	/lustre/work/jyanglab/subhash/SAP/picard/dedup_trimmed/PI576437_picard_dedup.bam
PI585291	SAP	/lustre/work/jyanglab/subhash/SAP/picard/dedup_trimmed/PI585291_picard_dedup.bam
PI585295	SAP	/lustre/work/jyanglab/subhash/SAP/picard/dedup_trimmed/PI585295_picard_dedup.bam
PI595699	SAP	/lustre/work/jyanglab/subhash/SAP/picard/dedup_trimmed/PI595699_picard_dedup.bam
PI595700	NEW	/lustre/work/jyanglab/subhash/NEW/picard/PI595700/PI595700_picard_dedup.bam
PI595701	NEW	/lustre/work/jyanglab/subhash/NEW/picard/PI595701/PI595701_picard_dedup.bam
PI595702	SAP	/lustre/work/jyanglab/subhash/SAP/picard/dedup_trimmed/PI595702_picard_dedup.bam
PI595703	NEW	/lustre/work/jyanglab/subhash/NEW/picard/PI595703/PI595703_picard_dedup.bam
PI595704	NEW	/lustre/work/jyanglab/subhash/NEW/picard/PI595704/PI595704_picard_dedup.bam
PI595705	NEW	/lustre/work/jyanglab/subhash/NEW/picard/PI595705/PI595705_picard_dedup.bam
PI595706	NEW	/lustre/work/jyanglab/subhash/NEW/picard/PI595706/PI595706_picard_dedup.bam
PI595708	NEW	/lustre/work/jyanglab/subhash/NEW/picard/PI595708/PI595708_picard_dedup.bam
PI595709	NEW	/lustre/work/jyanglab/subhash/NEW/picard/PI595709/PI595709_picard_dedup.bam
PI595710	NEW	/lustre/work/jyanglab/subhash/NEW/picard/PI595710/PI595710_picard_dedup.bam
PI595711	NEW	/lustre/work/jyanglab/subhash/NEW/picard/PI595711/PI595711_picard_dedup.bam
PI595712	NEW	/lustre/work/jyanglab/subhash/NEW/picard/PI595712/PI595712_picard_dedup.bam
PI595713	NEW	/lustre/work/jyanglab/subhash/NEW/picard/PI595713/PI595713_picard_dedup.bam
PI595714	SAP	/lustre/work/jyanglab/subhash/SAP/picard/dedup_trimmed/PI595714_picard_dedup.bam
PI595715	NEW	/lustre/work/jyanglab/subhash/NEW/picard/PI595715/PI595715_picard_dedup.bam
PI595716	NEW	/lustre/work/jyanglab/subhash/NEW/picard/PI595716/PI595716_picard_dedup.bam
PI595717	NEW	/lustre/work/jyanglab/subhash/NEW/picard/PI595717/PI595717_picard_dedup.bam
PI595718	SAP	/lustre/work/jyanglab/subhash/SAP/picard/dedup_trimmed/PI595718_picard_dedup.bam
PI595719	NEW	/lustre/work/jyanglab/subhash/NEW/picard/PI595719/PI595719_picard_dedup.bam
PI595720	SAP	/lustre/work/jyanglab/subhash/SAP/picard/dedup_trimmed/PI595720_picard_dedup.bam
PI595721	NEW	/lustre/work/jyanglab/subhash/NEW/picard/PI595721/PI595721_picard_dedup.bam
PI595722	NEW	/lustre/work/jyanglab/subhash/NEW/picard/PI595722/PI595722_picard_dedup.bam
PI595723	NEW	/lustre/work/jyanglab/subhash/NEW/picard/PI595723/PI595723_picard_dedup.bam
PI595724	NEW	/lustre/work/jyanglab/subhash/NEW/picard/PI595724/PI595724_picard_dedup.bam
PI595725	NEW	/lustre/work/jyanglab/subhash/NEW/picard/PI595725/PI595725_picard_dedup.bam
PI595726	NEW	/lustre/work/jyanglab/subhash/NEW/picard/PI595726/PI595726_picard_dedup.bam
PI595727	NEW	/lustre/work/jyanglab/subhash/NEW/picard/PI595727/PI595727_picard_dedup.bam
PI595728	NEW	/lustre/work/jyanglab/subhash/NEW/picard/PI595728/PI595728_picard_dedup.bam
PI595729	NEW	/lustre/work/jyanglab/subhash/NEW/picard/PI595729/PI595729_picard_dedup.bam
PI595730	NEW	/lustre/work/jyanglab/subhash/NEW/picard/PI595730/PI595730_picard_dedup.bam
PI595731	NEW	/lustre/work/jyanglab/subhash/NEW/picard/PI595731/PI595731_picard_dedup.bam
PI595732	NEW	/lustre/work/jyanglab/subhash/NEW/picard/PI595732/PI595732_picard_dedup.bam
PI595733	NEW	/lustre/work/jyanglab/subhash/NEW/picard/PI595733/PI595733_picard_dedup.bam
PI595734	NEW	/lustre/work/jyanglab/subhash/NEW/picard/PI595734/PI595734_picard_dedup.bam
PI595735	NEW	/lustre/work/jyanglab/subhash/NEW/picard/PI595735/PI595735_picard_dedup.bam
PI595736	NEW	/lustre/work/jyanglab/subhash/NEW/picard/PI595736/PI595736_picard_dedup.bam
PI595737	NEW	/lustre/work/jyanglab/subhash/NEW/picard/PI595737/PI595737_picard_dedup.bam
PI595738	NEW	/lustre/work/jyanglab/subhash/NEW/picard/PI595738/PI595738_picard_dedup.bam
PI595739	SAP	/lustre/work/jyanglab/subhash/SAP/picard/dedup_trimmed/PI595739_picard_dedup.bam
PI595740	NEW	/lustre/work/jyanglab/subhash/NEW/picard/PI595740/PI595740_picard_dedup.bam
PI595740	SAP	/lustre/work/jyanglab/subhash/SAP/picard/dedup_trimmed/PI595740_picard_dedup.bam
PI595741	SAP	/lustre/work/jyanglab/subhash/SAP/picard/dedup_trimmed/PI595741_picard_dedup.bam
PI595742	NEW	/lustre/work/jyanglab/subhash/NEW/picard/PI595742/PI595742_picard_dedup.bam
PI595743	NEW	/lustre/work/jyanglab/subhash/NEW/picard/PI595743/PI595743_picard_dedup.bam
PI595743	SAP	/lustre/work/jyanglab/subhash/SAP/picard/dedup_trimmed/PI595743_picard_dedup.bam
PI595744	SAP	/lustre/work/jyanglab/subhash/SAP/picard/dedup_trimmed/PI595744_picard_dedup.bam
PI595745	SAP	/lustre/work/jyanglab/subhash/SAP/picard/dedup_trimmed/PI595745_picard_dedup.bam
PI595746	NEW	/lustre/work/jyanglab/subhash/NEW/picard/PI595746/PI595746_picard_dedup.bam
PI595747	NEW	/lustre/work/jyanglab/subhash/NEW/picard/PI595747/PI595747_picard_dedup.bam
PI595748	NEW	/lustre/work/jyanglab/subhash/NEW/picard/PI595748/PI595748_picard_dedup.bam
PI597943	NEW	/lustre/work/jyanglab/subhash/NEW/picard/PI597943/PI597943_picard_dedup.bam
PI597944	NEW	/lustre/work/jyanglab/subhash/NEW/picard/PI597944/PI597944_picard_dedup.bam
PI597945	NEW	/lustre/work/jyanglab/subhash/NEW/picard/PI597945/PI597945_picard_dedup.bam
PI597945	SAP	/lustre/work/jyanglab/subhash/SAP/picard/dedup_trimmed/PI597945_picard_dedup.bam
PI597946	SAP	/lustre/work/jyanglab/subhash/SAP/picard/dedup_trimmed/PI597946_picard_dedup.bam
PI597947	NEW	/lustre/work/jyanglab/subhash/NEW/picard/PI597947/PI597947_picard_dedup.bam
PI597949	SAP	/lustre/work/jyanglab/subhash/SAP/picard/dedup_trimmed/PI597949_picard_dedup.bam
PI597950	NEW	/lustre/work/jyanglab/subhash/NEW/picard/PI597950/PI597950_picard_dedup.bam
PI597950	SAP	/lustre/work/jyanglab/subhash/SAP/picard/dedup_trimmed/PI597950_picard_dedup.bam
PI597951	SAP	/lustre/work/jyanglab/subhash/SAP/picard/dedup_trimmed/PI597951_picard_dedup.bam
PI597952	NEW	/lustre/work/jyanglab/subhash/NEW/picard/PI597952/PI597952_picard_dedup.bam
PI597952	SAP	/lustre/work/jyanglab/subhash/SAP/picard/dedup_trimmed/PI597952_picard_dedup.bam
PI597953	NEW	/lustre/work/jyanglab/subhash/NEW/picard/PI597953/PI597953_picard_dedup.bam
PI597955	NEW	/lustre/work/jyanglab/subhash/NEW/picard/PI597955/PI597955_picard_dedup.bam
PI597956	NEW	/lustre/work/jyanglab/subhash/NEW/picard/PI597956/PI597956_picard_dedup.bam
PI597957	NEW	/lustre/work/jyanglab/subhash/NEW/picard/PI597957/PI597957_picard_dedup.bam
PI597957	SAP	/lustre/work/jyanglab/subhash/SAP/picard/dedup_trimmed/PI597957_picard_dedup.bam
PI597958	SAP	/lustre/work/jyanglab/subhash/SAP/picard/dedup_trimmed/PI597958_picard_dedup.bam
PI597959	NEW	/lustre/work/jyanglab/subhash/NEW/picard/PI597959/PI597959_picard_dedup.bam
PI597960	SAP	/lustre/work/jyanglab/subhash/SAP/picard/dedup_trimmed/PI597960_picard_dedup.bam
PI597961	SAP	/lustre/work/jyanglab/subhash/SAP/picard/dedup_trimmed/PI597961_picard_dedup.bam
PI597962	NEW	/lustre/work/jyanglab/subhash/NEW/picard/PI597962/PI597962_picard_dedup.bam
PI597963	NEW	/lustre/work/jyanglab/subhash/NEW/picard/PI597963/PI597963_picard_dedup.bam
PI597964	SAP	/lustre/work/jyanglab/subhash/SAP/picard/dedup_trimmed/PI597964_picard_dedup.bam
PI597965	SAP	/lustre/work/jyanglab/subhash/SAP/picard/dedup_trimmed/PI597965_picard_dedup.bam
PI597966	SAP	/lustre/work/jyanglab/subhash/SAP/picard/dedup_trimmed/PI597966_picard_dedup.bam
PI597967	SAP	/lustre/work/jyanglab/subhash/SAP/picard/dedup_trimmed/PI597967_picard_dedup.bam
PI597968	SAP	/lustre/work/jyanglab/subhash/SAP/picard/dedup_trimmed/PI597968_picard_dedup.bam
PI597970	NEW	/lustre/work/jyanglab/subhash/NEW/picard/PI597970/PI597970_picard_dedup.bam
PI597971	SAP	/lustre/work/jyanglab/subhash/SAP/picard/dedup_trimmed/PI597971_picard_dedup.bam
PI597972	SAP	/lustre/work/jyanglab/subhash/SAP/picard/dedup_trimmed/PI597972_picard_dedup.bam
PI597973	SAP	/lustre/work/jyanglab/subhash/SAP/picard/dedup_trimmed/PI597973_picard_dedup.bam
PI597974	NEW	/lustre/work/jyanglab/subhash/NEW/picard/PI597974/PI597974_picard_dedup.bam
PI597975	NEW	/lustre/work/jyanglab/subhash/NEW/picard/PI597975/PI597975_picard_dedup.bam
PI597976	SAP	/lustre/work/jyanglab/subhash/SAP/picard/dedup_trimmed/PI597976_picard_dedup.bam
PI597977	NEW	/lustre/work/jyanglab/subhash/NEW/picard/PI597977/PI597977_picard_dedup.bam
PI597978	NEW	/lustre/work/jyanglab/subhash/NEW/picard/PI597978/PI597978_picard_dedup.bam
PI597979	NEW	/lustre/work/jyanglab/subhash/NEW/picard/PI597979/PI597979_picard_dedup.bam
PI597980	SAP	/lustre/work/jyanglab/subhash/SAP/picard/dedup_trimmed/PI597980_picard_dedup.bam
PI597981	NEW	/lustre/work/jyanglab/subhash/NEW/picard/PI597981/PI597981_picard_dedup.bam
PI597982	SAP	/lustre/work/jyanglab/subhash/SAP/picard/dedup_trimmed/PI597982_picard_dedup.bam
PI598069	SAP	/lustre/work/jyanglab/subhash/SAP/picard/dedup_trimmed/PI598069_picard_dedup.bam
PI598070	NEW	/lustre/work/jyanglab/subhash/NEW/picard/PI598070/PI598070_picard_dedup.bam
PI598070	SAP	/lustre/work/jyanglab/subhash/SAP/picard/dedup_trimmed/PI598070_picard_dedup.bam
PI601816	SAP	/lustre/work/jyanglab/subhash/SAP/picard/dedup_trimmed/PI601816_picard_dedup.bam
PI607931	SAP	/lustre/work/jyanglab/subhash/SAP/picard/dedup_trimmed/PI607931_picard_dedup.bam
PI609456	SAP	/lustre/work/jyanglab/subhash/SAP/picard/dedup_trimmed/PI609456_picard_dedup.bam
PI613536	SAP	/lustre/work/jyanglab/subhash/SAP/picard/dedup_trimmed/PI613536_picard_dedup.bam
PI629034	SAP	/lustre/work/jyanglab/subhash/SAP/picard/dedup_trimmed/PI629034_picard_dedup.bam
PI629040	SAP	/lustre/work/jyanglab/subhash/SAP/picard/dedup_trimmed/PI629040_picard_dedup.bam
PI629059	SAP	/lustre/work/jyanglab/subhash/SAP/picard/dedup_trimmed/PI629059_picard_dedup.bam
PI641824	NEW	/lustre/work/jyanglab/subhash/NEW/picard/PI641824/PI641824_picard_dedup.bam
PI641824	SAP	/lustre/work/jyanglab/subhash/SAP/picard/dedup_trimmed/PI641824_picard_dedup.bam
PI641836	SAP	/lustre/work/jyanglab/subhash/SAP/picard/dedup_trimmed/PI641836_picard_dedup.bam
PI641849	SAP	/lustre/work/jyanglab/subhash/SAP/picard/dedup_trimmed/PI641849_picard_dedup.bam
PI641874	NEW	/lustre/work/jyanglab/subhash/NEW/picard/PI641874/PI641874_picard_dedup.bam
PI641874	SAP	/lustre/work/jyanglab/subhash/SAP/picard/dedup_trimmed/PI641874_picard_dedup.bam
PI642791	SAP	/lustre/work/jyanglab/subhash/SAP/picard/dedup_trimmed/PI642791_picard_dedup.bam
PI642793	SAP	/lustre/work/jyanglab/subhash/SAP/picard/dedup_trimmed/PI642793_picard_dedup.bam
PI642992	SAP	/lustre/work/jyanglab/subhash/SAP/picard/dedup_trimmed/PI642992_picard_dedup.bam
PI642998	SAP	/lustre/work/jyanglab/subhash/SAP/picard/dedup_trimmed/PI642998_picard_dedup.bam
PI651492	SAP	/lustre/work/jyanglab/subhash/SAP/picard/dedup_trimmed/PI651492_picard_dedup.bam
PI651496	SAP	/lustre/work/jyanglab/subhash/SAP/picard/dedup_trimmed/PI651496_picard_dedup.bam
PI653616	SAP	/lustre/work/jyanglab/subhash/SAP/picard/dedup_trimmed/PI653616_picard_dedup.bam
PI653617	NEW	/lustre/work/jyanglab/subhash/NEW/picard/PI653617/PI653617_picard_dedup.bam
PI653617	SAP	/lustre/work/jyanglab/subhash/SAP/picard/dedup_trimmed/PI653617_picard_dedup.bam
PI655970	SAP	/lustre/work/jyanglab/subhash/SAP/picard/dedup_trimmed/PI655970_picard_dedup.bam
PI655971	SAP	/lustre/work/jyanglab/subhash/SAP/picard/dedup_trimmed/PI655971_picard_dedup.bam
PI655972	SAP	/lustre/work/jyanglab/subhash/SAP/picard/dedup_trimmed/PI655972_picard_dedup.bam
PI655973	NEW	/lustre/work/jyanglab/subhash/NEW/picard/PI655973/PI655973_picard_dedup.bam
PI655973	SAP	/lustre/work/jyanglab/subhash/SAP/picard/dedup_trimmed/PI655973_picard_dedup.bam
PI655974	SAP	/lustre/work/jyanglab/subhash/SAP/picard/dedup_trimmed/PI655974_picard_dedup.bam
PI655975	SAP	/lustre/work/jyanglab/subhash/SAP/picard/dedup_trimmed/PI655975_picard_dedup.bam
PI655976	SAP	/lustre/work/jyanglab/subhash/SAP/picard/dedup_trimmed/PI655976_picard_dedup.bam
PI655977	SAP	/lustre/work/jyanglab/subhash/SAP/picard/dedup_trimmed/PI655977_picard_dedup.bam
PI655978	SAP	/lustre/work/jyanglab/subhash/SAP/picard/dedup_trimmed/PI655978_picard_dedup.bam
PI655979	SAP	/lustre/work/jyanglab/subhash/SAP/picard/dedup_trimmed/PI655979_picard_dedup.bam
PI655980	SAP	/lustre/work/jyanglab/subhash/SAP/picard/dedup_trimmed/PI655980_picard_dedup.bam
PI655981	SAP	/lustre/work/jyanglab/subhash/SAP/picard/dedup_trimmed/PI655981_picard_dedup.bam
PI655982	SAP	/lustre/work/jyanglab/subhash/SAP/picard/dedup_trimmed/PI655982_picard_dedup.bam
PI655983	SAP	/lustre/work/jyanglab/subhash/SAP/picard/dedup_trimmed/PI655983_picard_dedup.bam
PI655984	SAP	/lustre/work/jyanglab/subhash/SAP/picard/dedup_trimmed/PI655984_picard_dedup.bam
PI655985	SAP	/lustre/work/jyanglab/subhash/SAP/picard/dedup_trimmed/PI655985_picard_dedup.bam
PI655986	SAP	/lustre/work/jyanglab/subhash/SAP/picard/dedup_trimmed/PI655986_picard_dedup.bam
PI655987	SAP	/lustre/work/jyanglab/subhash/SAP/picard/dedup_trimmed/PI655987_picard_dedup.bam
PI655988	SAP	/lustre/work/jyanglab/subhash/SAP/picard/dedup_trimmed/PI655988_picard_dedup.bam
PI655989	SAP	/lustre/work/jyanglab/subhash/SAP/picard/dedup_trimmed/PI655989_picard_dedup.bam
PI655990	SAP	/lustre/work/jyanglab/subhash/SAP/picard/dedup_trimmed/PI655990_picard_dedup.bam
PI655991	NEW	/lustre/work/jyanglab/subhash/NEW/picard/PI655991/PI655991_picard_dedup.bam
PI655991	SAP	/lustre/work/jyanglab/subhash/SAP/picard/dedup_trimmed/PI655991_picard_dedup.bam
PI655992	NEW	/lustre/work/jyanglab/subhash/NEW/picard/PI655992/PI655992_picard_dedup.bam
PI655992	SAP	/lustre/work/jyanglab/subhash/SAP/picard/dedup_trimmed/PI655992_picard_dedup.bam
PI655993	SAP	/lustre/work/jyanglab/subhash/SAP/picard/dedup_trimmed/PI655993_picard_dedup.bam
PI655994	SAP	/lustre/work/jyanglab/subhash/SAP/picard/dedup_trimmed/PI655994_picard_dedup.bam
PI655995	SAP	/lustre/work/jyanglab/subhash/SAP/picard/dedup_trimmed/PI655995_picard_dedup.bam
PI655996	SAP	/lustre/work/jyanglab/subhash/SAP/picard/dedup_trimmed/PI655996_picard_dedup.bam
PI655997	SAP	/lustre/work/jyanglab/subhash/SAP/picard/dedup_trimmed/PI655997_picard_dedup.bam
PI655998	NEW	/lustre/work/jyanglab/subhash/NEW/picard/PI655998/PI655998_picard_dedup.bam
PI655998	SAP	/lustre/work/jyanglab/subhash/SAP/picard/dedup_trimmed/PI655998_picard_dedup.bam
PI655999	SAP	/lustre/work/jyanglab/subhash/SAP/picard/dedup_trimmed/PI655999_picard_dedup.bam
PI656000	SAP	/lustre/work/jyanglab/subhash/SAP/picard/dedup_trimmed/PI656000_picard_dedup.bam
PI656001	SAP	/lustre/work/jyanglab/subhash/SAP/picard/dedup_trimmed/PI656001_picard_dedup.bam
PI656002	SAP	/lustre/work/jyanglab/subhash/SAP/picard/dedup_trimmed/PI656002_picard_dedup.bam
PI656003	SAP	/lustre/work/jyanglab/subhash/SAP/picard/dedup_trimmed/PI656003_picard_dedup.bam
PI656004	SAP	/lustre/work/jyanglab/subhash/SAP/picard/dedup_trimmed/PI656004_picard_dedup.bam
PI656005	SAP	/lustre/work/jyanglab/subhash/SAP/picard/dedup_trimmed/PI656005_picard_dedup.bam
PI656006	SAP	/lustre/work/jyanglab/subhash/SAP/picard/dedup_trimmed/PI656006_picard_dedup.bam
PI656007	SAP	/lustre/work/jyanglab/subhash/SAP/picard/dedup_trimmed/PI656007_picard_dedup.bam
PI656008	SAP	/lustre/work/jyanglab/subhash/SAP/picard/dedup_trimmed/PI656008_picard_dedup.bam
PI656009	SAP	/lustre/work/jyanglab/subhash/SAP/picard/dedup_trimmed/PI656009_picard_dedup.bam
PI656010	SAP	/lustre/work/jyanglab/subhash/SAP/picard/dedup_trimmed/PI656010_picard_dedup.bam
PI656011	SAP	/lustre/work/jyanglab/subhash/SAP/picard/dedup_trimmed/PI656011_picard_dedup.bam
PI656012	SAP	/lustre/work/jyanglab/subhash/SAP/picard/dedup_trimmed/PI656012_picard_dedup.bam
PI656013	SAP	/lustre/work/jyanglab/subhash/SAP/picard/dedup_trimmed/PI656013_picard_dedup.bam
PI656014	SAP	/lustre/work/jyanglab/subhash/SAP/picard/dedup_trimmed/PI656014_picard_dedup.bam
PI656015	SAP	/lustre/work/jyanglab/subhash/SAP/picard/dedup_trimmed/PI656015_picard_dedup.bam
PI656016	SAP	/lustre/work/jyanglab/subhash/SAP/picard/dedup_trimmed/PI656016_picard_dedup.bam
PI656017	SAP	/lustre/work/jyanglab/subhash/SAP/picard/dedup_trimmed/PI656017_picard_dedup.bam
PI656018	SAP	/lustre/work/jyanglab/subhash/SAP/picard/dedup_trimmed/PI656018_picard_dedup.bam
PI656019	SAP	/lustre/work/jyanglab/subhash/SAP/picard/dedup_trimmed/PI656019_picard_dedup.bam
PI656020	SAP	/lustre/work/jyanglab/subhash/SAP/picard/dedup_trimmed/PI656020_picard_dedup.bam
PI656021	SAP	/lustre/work/jyanglab/subhash/SAP/picard/dedup_trimmed/PI656021_picard_dedup.bam
PI656022	NEW	/lustre/work/jyanglab/subhash/NEW/picard/PI656022/PI656022_picard_dedup.bam
PI656022	SAP	/lustre/work/jyanglab/subhash/SAP/picard/dedup_trimmed/PI656022_picard_dedup.bam
PI656023	SAP	/lustre/work/jyanglab/subhash/SAP/picard/dedup_trimmed/PI656023_picard_dedup.bam
PI656024	SAP	/lustre/work/jyanglab/subhash/SAP/picard/dedup_trimmed/PI656024_picard_dedup.bam
PI656025	SAP	/lustre/work/jyanglab/subhash/SAP/picard/dedup_trimmed/PI656025_picard_dedup.bam
PI656026	NEW	/lustre/work/jyanglab/subhash/NEW/picard/PI656026/PI656026_picard_dedup.bam
PI656026	SAP	/lustre/work/jyanglab/subhash/SAP/picard/dedup_trimmed/PI656026_picard_dedup.bam
PI656027	SAP	/lustre/work/jyanglab/subhash/SAP/picard/dedup_trimmed/PI656027_picard_dedup.bam
PI656028	SAP	/lustre/work/jyanglab/subhash/SAP/picard/dedup_trimmed/PI656028_picard_dedup.bam
PI656029	SAP	/lustre/work/jyanglab/subhash/SAP/picard/dedup_trimmed/PI656029_picard_dedup.bam
PI656031	SAP	/lustre/work/jyanglab/subhash/SAP/picard/dedup_trimmed/PI656031_picard_dedup.bam
PI656032	SAP	/lustre/work/jyanglab/subhash/SAP/picard/dedup_trimmed/PI656032_picard_dedup.bam
PI656033	SAP	/lustre/work/jyanglab/subhash/SAP/picard/dedup_trimmed/PI656033_picard_dedup.bam
PI656034	NEW	/lustre/work/jyanglab/subhash/NEW/picard/PI656034/PI656034_picard_dedup.bam
PI656034	SAP	/lustre/work/jyanglab/subhash/SAP/picard/dedup_trimmed/PI656034_picard_dedup.bam
PI656035	SAP	/lustre/work/jyanglab/subhash/SAP/picard/dedup_trimmed/PI656035_picard_dedup.bam
PI656036	SAP	/lustre/work/jyanglab/subhash/SAP/picard/dedup_trimmed/PI656036_picard_dedup.bam
PI656037	SAP	/lustre/work/jyanglab/subhash/SAP/picard/dedup_trimmed/PI656037_picard_dedup.bam
PI656038	NEW	/lustre/work/jyanglab/subhash/NEW/picard/PI656038/PI656038_picard_dedup.bam
PI656038	SAP	/lustre/work/jyanglab/subhash/SAP/picard/dedup_trimmed/PI656038_picard_dedup.bam
PI656039	NEW	/lustre/work/jyanglab/subhash/NEW/picard/PI656039/PI656039_picard_dedup.bam
PI656039	SAP	/lustre/work/jyanglab/subhash/SAP/picard/dedup_trimmed/PI656039_picard_dedup.bam
PI656040	SAP	/lustre/work/jyanglab/subhash/SAP/picard/dedup_trimmed/PI656040_picard_dedup.bam
PI656041	SAP	/lustre/work/jyanglab/subhash/SAP/picard/dedup_trimmed/PI656041_picard_dedup.bam
PI656042	SAP	/lustre/work/jyanglab/subhash/SAP/picard/dedup_trimmed/PI656042_picard_dedup.bam
PI656043	SAP	/lustre/work/jyanglab/subhash/SAP/picard/dedup_trimmed/PI656043_picard_dedup.bam
PI656044	SAP	/lustre/work/jyanglab/subhash/SAP/picard/dedup_trimmed/PI656044_picard_dedup.bam
PI656046	SAP	/lustre/work/jyanglab/subhash/SAP/picard/dedup_trimmed/PI656046_picard_dedup.bam
PI656047	SAP	/lustre/work/jyanglab/subhash/SAP/picard/dedup_trimmed/PI656047_picard_dedup.bam
PI656048	SAP	/lustre/work/jyanglab/subhash/SAP/picard/dedup_trimmed/PI656048_picard_dedup.bam
PI656049	NEW	/lustre/work/jyanglab/subhash/NEW/picard/PI656049/PI656049_picard_dedup.bam
PI656049	SAP	/lustre/work/jyanglab/subhash/SAP/picard/dedup_trimmed/PI656049_picard_dedup.bam
PI656050	SAP	/lustre/work/jyanglab/subhash/SAP/picard/dedup_trimmed/PI656050_picard_dedup.bam
PI656051	SAP	/lustre/work/jyanglab/subhash/SAP/picard/dedup_trimmed/PI656051_picard_dedup.bam
PI656052	NEW	/lustre/work/jyanglab/subhash/NEW/picard/PI656052/PI656052_picard_dedup.bam
PI656052	SAP	/lustre/work/jyanglab/subhash/SAP/picard/dedup_trimmed/PI656052_picard_dedup.bam
PI656053	SAP	/lustre/work/jyanglab/subhash/SAP/picard/dedup_trimmed/PI656053_picard_dedup.bam
PI656054	SAP	/lustre/work/jyanglab/subhash/SAP/picard/dedup_trimmed/PI656054_picard_dedup.bam
PI656055	SAP	/lustre/work/jyanglab/subhash/SAP/picard/dedup_trimmed/PI656055_picard_dedup.bam
PI656056	SAP	/lustre/work/jyanglab/subhash/SAP/picard/dedup_trimmed/PI656056_picard_dedup.bam
PI656057	NEW	/lustre/work/jyanglab/subhash/NEW/picard/PI656057/PI656057_picard_dedup.bam
PI656057	SAP	/lustre/work/jyanglab/subhash/SAP/picard/dedup_trimmed/PI656057_picard_dedup.bam
PI656058	SAP	/lustre/work/jyanglab/subhash/SAP/picard/dedup_trimmed/PI656058_picard_dedup.bam
PI656059	SAP	/lustre/work/jyanglab/subhash/SAP/picard/dedup_trimmed/PI656059_picard_dedup.bam
PI656060	SAP	/lustre/work/jyanglab/subhash/SAP/picard/dedup_trimmed/PI656060_picard_dedup.bam
PI656061	SAP	/lustre/work/jyanglab/subhash/SAP/picard/dedup_trimmed/PI656061_picard_dedup.bam
PI656062	SAP	/lustre/work/jyanglab/subhash/SAP/picard/dedup_trimmed/PI656062_picard_dedup.bam
PI656063	SAP	/lustre/work/jyanglab/subhash/SAP/picard/dedup_trimmed/PI656063_picard_dedup.bam
PI656064	SAP	/lustre/work/jyanglab/subhash/SAP/picard/dedup_trimmed/PI656064_picard_dedup.bam
PI656065	SAP	/lustre/work/jyanglab/subhash/SAP/picard/dedup_trimmed/PI656065_picard_dedup.bam
PI656066	SAP	/lustre/work/jyanglab/subhash/SAP/picard/dedup_trimmed/PI656066_picard_dedup.bam
PI656067	SAP	/lustre/work/jyanglab/subhash/SAP/picard/dedup_trimmed/PI656067_picard_dedup.bam
PI656068	SAP	/lustre/work/jyanglab/subhash/SAP/picard/dedup_trimmed/PI656068_picard_dedup.bam
PI656069	SAP	/lustre/work/jyanglab/subhash/SAP/picard/dedup_trimmed/PI656069_picard_dedup.bam
PI656070	SAP	/lustre/work/jyanglab/subhash/SAP/picard/dedup_trimmed/PI656070_picard_dedup.bam
PI656071	SAP	/lustre/work/jyanglab/subhash/SAP/picard/dedup_trimmed/PI656071_picard_dedup.bam
PI656072	SAP	/lustre/work/jyanglab/subhash/SAP/picard/dedup_trimmed/PI656072_picard_dedup.bam
PI656073	NEW	/lustre/work/jyanglab/subhash/NEW/picard/PI656073/PI656073_picard_dedup.bam
PI656073	SAP	/lustre/work/jyanglab/subhash/SAP/picard/dedup_trimmed/PI656073_picard_dedup.bam
PI656074	SAP	/lustre/work/jyanglab/subhash/SAP/picard/dedup_trimmed/PI656074_picard_dedup.bam
PI656075	SAP	/lustre/work/jyanglab/subhash/SAP/picard/dedup_trimmed/PI656075_picard_dedup.bam
PI656076	SAP	/lustre/work/jyanglab/subhash/SAP/picard/dedup_trimmed/PI656076_picard_dedup.bam
PI656077	NEW	/lustre/work/jyanglab/subhash/NEW/picard/PI656077/PI656077_picard_dedup.bam
PI656077	SAP	/lustre/work/jyanglab/subhash/SAP/picard/dedup_trimmed/PI656077_picard_dedup.bam
PI656078	SAP	/lustre/work/jyanglab/subhash/SAP/picard/dedup_trimmed/PI656078_picard_dedup.bam
PI656079	SAP	/lustre/work/jyanglab/subhash/SAP/picard/dedup_trimmed/PI656079_picard_dedup.bam
PI656080	SAP	/lustre/work/jyanglab/subhash/SAP/picard/dedup_trimmed/PI656080_picard_dedup.bam
PI656081	NEW	/lustre/work/jyanglab/subhash/NEW/picard/PI656081/PI656081_picard_dedup.bam
PI656081	SAP	/lustre/work/jyanglab/subhash/SAP/picard/dedup_trimmed/PI656081_picard_dedup.bam
PI656082	NEW	/lustre/work/jyanglab/subhash/NEW/picard/PI656082/PI656082_picard_dedup.bam
PI656082	SAP	/lustre/work/jyanglab/subhash/SAP/picard/dedup_trimmed/PI656082_picard_dedup.bam
PI656083	NEW	/lustre/work/jyanglab/subhash/NEW/picard/PI656083/PI656083_picard_dedup.bam
PI656083	SAP	/lustre/work/jyanglab/subhash/SAP/picard/dedup_trimmed/PI656083_picard_dedup.bam
PI656085	NEW	/lustre/work/jyanglab/subhash/NEW/picard/PI656085/PI656085_picard_dedup.bam
PI656085	SAP	/lustre/work/jyanglab/subhash/SAP/picard/dedup_trimmed/PI656085_picard_dedup.bam
PI656086	SAP	/lustre/work/jyanglab/subhash/SAP/picard/dedup_trimmed/PI656086_picard_dedup.bam
PI656087	SAP	/lustre/work/jyanglab/subhash/SAP/picard/dedup_trimmed/PI656087_picard_dedup.bam
PI656088	SAP	/lustre/work/jyanglab/subhash/SAP/picard/dedup_trimmed/PI656088_picard_dedup.bam
PI656089	SAP	/lustre/work/jyanglab/subhash/SAP/picard/dedup_trimmed/PI656089_picard_dedup.bam
PI656090	SAP	/lustre/work/jyanglab/subhash/SAP/picard/dedup_trimmed/PI656090_picard_dedup.bam
PI656091	NEW	/lustre/work/jyanglab/subhash/NEW/picard/PI656091/PI656091_picard_dedup.bam
PI656091	SAP	/lustre/work/jyanglab/subhash/SAP/picard/dedup_trimmed/PI656091_picard_dedup.bam
PI656092	SAP	/lustre/work/jyanglab/subhash/SAP/picard/dedup_trimmed/PI656092_picard_dedup.bam
PI656093	NEW	/lustre/work/jyanglab/subhash/NEW/picard/PI656093/PI656093_picard_dedup.bam
PI656093	SAP	/lustre/work/jyanglab/subhash/SAP/picard/dedup_trimmed/PI656093_picard_dedup.bam
PI656094	NEW	/lustre/work/jyanglab/subhash/NEW/picard/PI656094/PI656094_picard_dedup.bam
PI656094	SAP	/lustre/work/jyanglab/subhash/SAP/picard/dedup_trimmed/PI656094_picard_dedup.bam
PI656095	SAP	/lustre/work/jyanglab/subhash/SAP/picard/dedup_trimmed/PI656095_picard_dedup.bam
PI656096	SAP	/lustre/work/jyanglab/subhash/SAP/picard/dedup_trimmed/PI656096_picard_dedup.bam
PI656097	SAP	/lustre/work/jyanglab/subhash/SAP/picard/dedup_trimmed/PI656097_picard_dedup.bam
PI656098	SAP	/lustre/work/jyanglab/subhash/SAP/picard/dedup_trimmed/PI656098_picard_dedup.bam
PI656099	SAP	/lustre/work/jyanglab/subhash/SAP/picard/dedup_trimmed/PI656099_picard_dedup.bam
PI656100	SAP	/lustre/work/jyanglab/subhash/SAP/picard/dedup_trimmed/PI656100_picard_dedup.bam
PI656101	SAP	/lustre/work/jyanglab/subhash/SAP/picard/dedup_trimmed/PI656101_picard_dedup.bam
PI656102	SAP	/lustre/work/jyanglab/subhash/SAP/picard/dedup_trimmed/PI656102_picard_dedup.bam
PI656103	SAP	/lustre/work/jyanglab/subhash/SAP/picard/dedup_trimmed/PI656103_picard_dedup.bam
PI656104	NEW	/lustre/work/jyanglab/subhash/NEW/picard/PI656104/PI656104_picard_dedup.bam
PI656104	SAP	/lustre/work/jyanglab/subhash/SAP/picard/dedup_trimmed/PI656104_picard_dedup.bam
PI656105	SAP	/lustre/work/jyanglab/subhash/SAP/picard/dedup_trimmed/PI656105_picard_dedup.bam
PI656106	SAP	/lustre/work/jyanglab/subhash/SAP/picard/dedup_trimmed/PI656106_picard_dedup.bam
PI656107	NEW	/lustre/work/jyanglab/subhash/NEW/picard/PI656107/PI656107_picard_dedup.bam
PI656107	SAP	/lustre/work/jyanglab/subhash/SAP/picard/dedup_trimmed/PI656107_picard_dedup.bam
PI656108	SAP	/lustre/work/jyanglab/subhash/SAP/picard/dedup_trimmed/PI656108_picard_dedup.bam
PI656109	SAP	/lustre/work/jyanglab/subhash/SAP/picard/dedup_trimmed/PI656109_picard_dedup.bam
PI656110	SAP	/lustre/work/jyanglab/subhash/SAP/picard/dedup_trimmed/PI656110_picard_dedup.bam
PI656111	SAP	/lustre/work/jyanglab/subhash/SAP/picard/dedup_trimmed/PI656111_picard_dedup.bam
PI656112	SAP	/lustre/work/jyanglab/subhash/SAP/picard/dedup_trimmed/PI656112_picard_dedup.bam
PI656113	SAP	/lustre/work/jyanglab/subhash/SAP/picard/dedup_trimmed/PI656113_picard_dedup.bam
PI656114	SAP	/lustre/work/jyanglab/subhash/SAP/picard/dedup_trimmed/PI656114_picard_dedup.bam
PI656115	SAP	/lustre/work/jyanglab/subhash/SAP/picard/dedup_trimmed/PI656115_picard_dedup.bam
PI656116	SAP	/lustre/work/jyanglab/subhash/SAP/picard/dedup_trimmed/PI656116_picard_dedup.bam
PI656118	SAP	/lustre/work/jyanglab/subhash/SAP/picard/dedup_trimmed/PI656118_picard_dedup.bam
PI656119	NEW	/lustre/work/jyanglab/subhash/NEW/picard/PI656119/PI656119_picard_dedup.bam
PI656119	SAP	/lustre/work/jyanglab/subhash/SAP/picard/dedup_trimmed/PI656119_picard_dedup.bam
PI656120	SAP	/lustre/work/jyanglab/subhash/SAP/picard/dedup_trimmed/PI656120_picard_dedup.bam
PI656121	SAP	/lustre/work/jyanglab/subhash/SAP/picard/dedup_trimmed/PI656121_picard_dedup.bam
PI659691	NEW	/lustre/work/jyanglab/subhash/NEW/picard/PI659691/PI659691_picard_dedup.bam
PI659691	SAP	/lustre/work/jyanglab/subhash/SAP/picard/dedup_trimmed/PI659691_picard_dedup.bam
PI659694	SAP	/lustre/work/jyanglab/subhash/SAP/picard/dedup_trimmed/PI659694_picard_dedup.bam
PI659695	SAP	/lustre/work/jyanglab/subhash/SAP/picard/dedup_trimmed/PI659695_picard_dedup.bam
PI659696	SAP	/lustre/work/jyanglab/subhash/SAP/picard/dedup_trimmed/PI659696_picard_dedup.bam
PI659753	SAP	/lustre/work/jyanglab/subhash/SAP/picard/dedup_trimmed/PI659753_picard_dedup.bam
SC0003	NEW	/lustre/work/jyanglab/subhash/NEW/picard/SC0003/SC0003_picard_dedup.bam
SC0027	NEW	/lustre/work/jyanglab/subhash/NEW/picard/SC0027/SC0027_picard_dedup.bam
SC0041	NEW	/lustre/work/jyanglab/subhash/NEW/picard/SC0041/SC0041_picard_dedup.bam
SC0092	NEW	/lustre/work/jyanglab/subhash/NEW/picard/SC0092/SC0092_picard_dedup.bam
SC0138	NEW	/lustre/work/jyanglab/subhash/NEW/picard/SC0138/SC0138_picard_dedup.bam
SC0150	NEW	/lustre/work/jyanglab/subhash/NEW/picard/SC0150/SC0150_picard_dedup.bam
SC0156	NEW	/lustre/work/jyanglab/subhash/NEW/picard/SC0156/SC0156_picard_dedup.bam
SC0157	NEW	/lustre/work/jyanglab/subhash/NEW/picard/SC0157/SC0157_picard_dedup.bam
SC0159	NEW	/lustre/work/jyanglab/subhash/NEW/picard/SC0159/SC0159_picard_dedup.bam
SC0178	NEW	/lustre/work/jyanglab/subhash/NEW/picard/SC0178/SC0178_picard_dedup.bam
SC0179	NEW	/lustre/work/jyanglab/subhash/NEW/picard/SC0179/SC0179_picard_dedup.bam
SC0191	NEW	/lustre/work/jyanglab/subhash/NEW/picard/SC0191/SC0191_picard_dedup.bam
SC0201	NEW	/lustre/work/jyanglab/subhash/NEW/picard/SC0201/SC0201_picard_dedup.bam
SC0235	NEW	/lustre/work/jyanglab/subhash/NEW/picard/SC0235/SC0235_picard_dedup.bam
SC0236	NEW	/lustre/work/jyanglab/subhash/NEW/picard/SC0236/SC0236_picard_dedup.bam
SC0247	NEW	/lustre/work/jyanglab/subhash/NEW/picard/SC0247/SC0247_picard_dedup.bam
SC0249	NEW	/lustre/work/jyanglab/subhash/NEW/picard/SC0249/SC0249_picard_dedup.bam
SC0263	NEW	/lustre/work/jyanglab/subhash/NEW/picard/SC0263/SC0263_picard_dedup.bam
SC0266	NEW	/lustre/work/jyanglab/subhash/NEW/picard/SC0266/SC0266_picard_dedup.bam
SC0276	NEW	/lustre/work/jyanglab/subhash/NEW/picard/SC0276/SC0276_picard_dedup.bam
SC0287	NEW	/lustre/work/jyanglab/subhash/NEW/picard/SC0287/SC0287_picard_dedup.bam
SC0297	NEW	/lustre/work/jyanglab/subhash/NEW/picard/SC0297/SC0297_picard_dedup.bam
SC0314	NEW	/lustre/work/jyanglab/subhash/NEW/picard/SC0314/SC0314_picard_dedup.bam
SC0343	NEW	/lustre/work/jyanglab/subhash/NEW/picard/SC0343/SC0343_picard_dedup.bam
SC0371	NEW	/lustre/work/jyanglab/subhash/NEW/picard/SC0371/SC0371_picard_dedup.bam
SC0400	NEW	/lustre/work/jyanglab/subhash/NEW/picard/SC0400/SC0400_picard_dedup.bam
SC0409	NEW	/lustre/work/jyanglab/subhash/NEW/picard/SC0409/SC0409_picard_dedup.bam
SC0412	NEW	/lustre/work/jyanglab/subhash/NEW/picard/SC0412/SC0412_picard_dedup.bam
SC0436	NEW	/lustre/work/jyanglab/subhash/NEW/picard/SC0436/SC0436_picard_dedup.bam
SC0438	NEW	/lustre/work/jyanglab/subhash/NEW/picard/SC0438/SC0438_picard_dedup.bam
SC0445	NEW	/lustre/work/jyanglab/subhash/NEW/picard/SC0445/SC0445_picard_dedup.bam
SC0448	NEW	/lustre/work/jyanglab/subhash/NEW/picard/SC0448/SC0448_picard_dedup.bam
SC0456	NEW	/lustre/work/jyanglab/subhash/NEW/picard/SC0456/SC0456_picard_dedup.bam
SC0458	NEW	/lustre/work/jyanglab/subhash/NEW/picard/SC0458/SC0458_picard_dedup.bam
SC0463	NEW	/lustre/work/jyanglab/subhash/NEW/picard/SC0463/SC0463_picard_dedup.bam
SC0470	NEW	/lustre/work/jyanglab/subhash/NEW/picard/SC0470/SC0470_picard_dedup.bam
SC0479	NEW	/lustre/work/jyanglab/subhash/NEW/picard/SC0479/SC0479_picard_dedup.bam
SC0505	NEW	/lustre/work/jyanglab/subhash/NEW/picard/SC0505/SC0505_picard_dedup.bam
SC0517	NEW	/lustre/work/jyanglab/subhash/NEW/picard/SC0517/SC0517_picard_dedup.bam
SC0521	NEW	/lustre/work/jyanglab/subhash/NEW/picard/SC0521/SC0521_picard_dedup.bam
SC0540	NEW	/lustre/work/jyanglab/subhash/NEW/picard/SC0540/SC0540_picard_dedup.bam
SC0542	NEW	/lustre/work/jyanglab/subhash/NEW/picard/SC0542/SC0542_picard_dedup.bam
SC0547	NEW	/lustre/work/jyanglab/subhash/NEW/picard/SC0547/SC0547_picard_dedup.bam
SC0550	NEW	/lustre/work/jyanglab/subhash/NEW/picard/SC0550/SC0550_picard_dedup.bam
SC0551	NEW	/lustre/work/jyanglab/subhash/NEW/picard/SC0551/SC0551_picard_dedup.bam
SC0556	NEW	/lustre/work/jyanglab/subhash/NEW/picard/SC0556/SC0556_picard_dedup.bam
SC0581	NEW	/lustre/work/jyanglab/subhash/NEW/picard/SC0581/SC0581_picard_dedup.bam
SC0582	NEW	/lustre/work/jyanglab/subhash/NEW/picard/SC0582/SC0582_picard_dedup.bam
SC0602	NEW	/lustre/work/jyanglab/subhash/NEW/picard/SC0602/SC0602_picard_dedup.bam
SC0604	NEW	/lustre/work/jyanglab/subhash/NEW/picard/SC0604/SC0604_picard_dedup.bam
SC0615	NEW	/lustre/work/jyanglab/subhash/NEW/picard/SC0615/SC0615_picard_dedup.bam
SC0616	NEW	/lustre/work/jyanglab/subhash/NEW/picard/SC0616/SC0616_picard_dedup.bam
SC0618	NEW	/lustre/work/jyanglab/subhash/NEW/picard/SC0618/SC0618_picard_dedup.bam
SC0631	NEW	/lustre/work/jyanglab/subhash/NEW/picard/SC0631/SC0631_picard_dedup.bam
SC0636	NEW	/lustre/work/jyanglab/subhash/NEW/picard/SC0636/SC0636_picard_dedup.bam
SC0652	NEW	/lustre/work/jyanglab/subhash/NEW/picard/SC0652/SC0652_picard_dedup.bam
SC0685	NEW	/lustre/work/jyanglab/subhash/NEW/picard/SC0685/SC0685_picard_dedup.bam
SC0713	NEW	/lustre/work/jyanglab/subhash/NEW/picard/SC0713/SC0713_picard_dedup.bam
SC0741	NEW	/lustre/work/jyanglab/subhash/NEW/picard/SC0741/SC0741_picard_dedup.bam
SC0747	NEW	/lustre/work/jyanglab/subhash/NEW/picard/SC0747/SC0747_picard_dedup.bam
SC0753	NEW	/lustre/work/jyanglab/subhash/NEW/picard/SC0753/SC0753_picard_dedup.bam
SC0759	NEW	/lustre/work/jyanglab/subhash/NEW/picard/SC0759/SC0759_picard_dedup.bam
SC0777	NEW	/lustre/work/jyanglab/subhash/NEW/picard/SC0777/SC0777_picard_dedup.bam
SC0814	NEW	/lustre/work/jyanglab/subhash/NEW/picard/SC0814/SC0814_picard_dedup.bam
SC0823	NEW	/lustre/work/jyanglab/subhash/NEW/picard/SC0823/SC0823_picard_dedup.bam
SC0834	NEW	/lustre/work/jyanglab/subhash/NEW/picard/SC0834/SC0834_picard_dedup.bam
SC0837	NEW	/lustre/work/jyanglab/subhash/NEW/picard/SC0837/SC0837_picard_dedup.bam
SC0847	NEW	/lustre/work/jyanglab/subhash/NEW/picard/SC0847/SC0847_picard_dedup.bam
SC0848	NEW	/lustre/work/jyanglab/subhash/NEW/picard/SC0848/SC0848_picard_dedup.bam
SC0854	NEW	/lustre/work/jyanglab/subhash/NEW/picard/SC0854/SC0854_picard_dedup.bam
SC0858	NEW	/lustre/work/jyanglab/subhash/NEW/picard/SC0858/SC0858_picard_dedup.bam
SC0860	NEW	/lustre/work/jyanglab/subhash/NEW/picard/SC0860/SC0860_picard_dedup.bam
SC0864	NEW	/lustre/work/jyanglab/subhash/NEW/picard/SC0864/SC0864_picard_dedup.bam
SC0868	NEW	/lustre/work/jyanglab/subhash/NEW/picard/SC0868/SC0868_picard_dedup.bam
SC0870	NEW	/lustre/work/jyanglab/subhash/NEW/picard/SC0870/SC0870_picard_dedup.bam
SC0871	NEW	/lustre/work/jyanglab/subhash/NEW/picard/SC0871/SC0871_picard_dedup.bam
SC0877	NEW	/lustre/work/jyanglab/subhash/NEW/picard/SC0877/SC0877_picard_dedup.bam
SC0878	NEW	/lustre/work/jyanglab/subhash/NEW/picard/SC0878/SC0878_picard_dedup.bam
SC0893	NEW	/lustre/work/jyanglab/subhash/NEW/picard/SC0893/SC0893_picard_dedup.bam
SC0895	NEW	/lustre/work/jyanglab/subhash/NEW/picard/SC0895/SC0895_picard_dedup.bam
SC0914	NEW	/lustre/work/jyanglab/subhash/NEW/picard/SC0914/SC0914_picard_dedup.bam
SC0921	NEW	/lustre/work/jyanglab/subhash/NEW/picard/SC0921/SC0921_picard_dedup.bam
SC0923	NEW	/lustre/work/jyanglab/subhash/NEW/picard/SC0923/SC0923_picard_dedup.bam
SC0965	NEW	/lustre/work/jyanglab/subhash/NEW/picard/SC0965/SC0965_picard_dedup.bam
SC0999	NEW	/lustre/work/jyanglab/subhash/NEW/picard/SC0999/SC0999_picard_dedup.bam
SC1021	NEW	/lustre/work/jyanglab/subhash/NEW/picard/SC1021/SC1021_picard_dedup.bam
SC1023	NEW	/lustre/work/jyanglab/subhash/NEW/picard/SC1023/SC1023_picard_dedup.bam
SC1024	NEW	/lustre/work/jyanglab/subhash/NEW/picard/SC1024/SC1024_picard_dedup.bam
SC1058	NEW	/lustre/work/jyanglab/subhash/NEW/picard/SC1058/SC1058_picard_dedup.bam
SC1082	NEW	/lustre/work/jyanglab/subhash/NEW/picard/SC1082/SC1082_picard_dedup.bam
SC1097	NEW	/lustre/work/jyanglab/subhash/NEW/picard/SC1097/SC1097_picard_dedup.bam
SC1107	NEW	/lustre/work/jyanglab/subhash/NEW/picard/SC1107/SC1107_picard_dedup.bam
SC1114	NEW	/lustre/work/jyanglab/subhash/NEW/picard/SC1114/SC1114_picard_dedup.bam
SC1119	NEW	/lustre/work/jyanglab/subhash/NEW/picard/SC1119/SC1119_picard_dedup.bam
SC1120	NEW	/lustre/work/jyanglab/subhash/NEW/picard/SC1120/SC1120_picard_dedup.bam
SC1133	NEW	/lustre/work/jyanglab/subhash/NEW/picard/SC1133/SC1133_picard_dedup.bam
SC1166	NEW	/lustre/work/jyanglab/subhash/NEW/picard/SC1166/SC1166_picard_dedup.bam
SC1170	NEW	/lustre/work/jyanglab/subhash/NEW/picard/SC1170/SC1170_picard_dedup.bam
SC1178	NEW	/lustre/work/jyanglab/subhash/NEW/picard/SC1178/SC1178_picard_dedup.bam
SC1193	NEW	/lustre/work/jyanglab/subhash/NEW/picard/SC1193/SC1193_picard_dedup.bam
SC1216	NEW	/lustre/work/jyanglab/subhash/NEW/picard/SC1216/SC1216_picard_dedup.bam
SC1442	NEW	/lustre/work/jyanglab/subhash/NEW/picard/SC1442/SC1442_picard_dedup.bam
SC1446	NEW	/lustre/work/jyanglab/subhash/NEW/picard/SC1446/SC1446_picard_dedup.bam
