file	status	line	issue	context
file	status	line	issue	context
BTx643.g.vcf	OK	-	validated	
BTx645.g.vcf	OK	-	validated	
PI152651.g.vcf	OK	-	validated	
PI153844.g.vcf	OK	-	validated	
PI153846.g.vcf	OK	-	validated	
PI22326.g.vcf	OK	-	validated	
PI24969.g.vcf	OK	-	validated	
PI276837.g.vcf	OK	-	validated	
PI329435.g.vcf	OK	-	validated	
PI329440.g.vcf	OK	-	validated	
PI34911.g.vcf	FAIL	117677084	too_few_columns(2)	DP:PL 0/0:18:51:17:0,51,656
PI35038.g.vcf	OK	-	validated	
PI533745.g.vcf	OK	-	validated	
PI533746.g.vcf	OK	-	validated	
PI533747.g.vcf	OK	-	validated	
PI533749.g.vcf	OK	-	validated	
PI533750.g.vcf	OK	-	validated	
PI533751.g.vcf	OK	-	validated	
PI533752.g.vcf	OK	-	validated	
PI533753.g.vcf	OK	-	validated	
PI533754.g.vcf	OK	-	validated	
PI533755.g.vcf	OK	-	validated	
PI533756.g.vcf	OK	-	validated	
PI533757.g.vcf	OK	-	validated	
PI533758.g.vcf	OK	-	validated	
PI533759.g.vcf	OK	-	validated	
PI533760.g.vcf	OK	-	validated	
PI533761.g.vcf	OK	-	validated	
PI533762.g.vcf	FAIL	117135645	too_few_columns(2)	:MIN_DP:PL 0/0:20:57:19:0,57,613
PI533763.g.vcf	OK	-	validated	
PI533764.g.vcf	OK	-	validated	
PI533765.g.vcf	OK	-	validated	
PI533766.g.vcf	OK	-	validated	
PI533768.g.vcf	OK	-	validated	
PI533769.g.vcf	OK	-	validated	
PI533770.g.vcf	OK	-	validated	
PI533771.g.vcf	OK	-	validated	
PI533772.g.vcf	OK	-	validated	
PI533774.g.vcf	OK	-	validated	
PI533775.g.vcf	OK	-	validated	
PI533776.g.vcf	OK	-	validated	
PI533777.g.vcf	OK	-	validated	
PI533778.g.vcf	OK	-	validated	
PI533779.g.vcf	OK	-	validated	
PI533780.g.vcf	OK	-	validated	
PI533781.g.vcf	OK	-	validated	
PI533782.g.vcf	OK	-	validated	
PI533783.g.vcf	OK	-	validated	
PI533784.g.vcf	OK	-	validated	
PI533785.g.vcf	OK	-	validated	
PI533786.g.vcf	OK	-	validated	
PI533787.g.vcf	OK	-	validated	
PI533788.g.vcf	OK	-	validated	
PI533789.g.vcf	OK	-	validated	
PI533790.g.vcf	OK	-	validated	
PI533791.g.vcf	OK	-	validated	
PI533792.g.vcf	OK	-	validated	
PI533793.g.vcf	OK	-	validated	
PI533794.g.vcf	OK	-	validated	
PI533795.g.vcf	OK	-	validated	
PI533797.g.vcf	OK	-	validated	
PI533798.g.vcf	OK	-	validated	
PI533799.g.vcf	OK	-	validated	
PI533800.g.vcf	OK	-	validated	
PI533802.g.vcf	OK	-	validated	
PI533803.g.vcf	OK	-	validated	
PI533804.g.vcf	OK	-	validated	
PI533807.g.vcf	OK	-	validated	
PI533808.g.vcf	OK	-	validated	
PI533809.g.vcf	OK	-	validated	
PI533810.g.vcf	OK	-	validated	
PI533811.g.vcf	OK	-	validated	
PI533812.g.vcf	OK	-	validated	
PI533813.g.vcf	OK	-	validated	
PI533814.g.vcf	OK	-	validated	
PI533816_1.g.vcf	OK	-	validated	
PI533816_2.g.vcf	OK	-	validated	
PI533818.g.vcf	OK	-	validated	
PI533819.g.vcf	OK	-	validated	
PI533820.g.vcf	OK	-	validated	
PI533821.g.vcf	OK	-	validated	
PI533822.g.vcf	OK	-	validated	
PI533823.g.vcf	OK	-	validated	
PI533824.g.vcf	OK	-	validated	
PI533825.g.vcf	OK	-	validated	
PI533828.g.vcf	OK	-	validated	
PI533829.g.vcf	OK	-	validated	
PI533830.g.vcf	OK	-	validated	
PI533831.g.vcf	OK	-	validated	
PI533832.g.vcf	OK	-	validated	
PI533833.g.vcf	OK	-	validated	
PI533834.g.vcf	OK	-	validated	
PI533835.g.vcf	OK	-	validated	
PI533836.g.vcf	OK	-	validated	
PI533837.g.vcf	OK	-	validated	
PI533838.g.vcf	OK	-	validated	
PI533839.g.vcf	OK	-	validated	
PI533840.g.vcf	OK	-	validated	
PI533841.g.vcf	OK	-	validated	
PI533842.g.vcf	OK	-	validated	
PI533843.g.vcf	OK	-	validated	
PI533844.g.vcf	OK	-	validated	
PI533846.g.vcf	OK	-	validated	
PI533847.g.vcf	OK	-	validated	
PI533848.g.vcf	OK	-	validated	
PI533849.g.vcf	OK	-	validated	
PI533850.g.vcf	OK	-	validated	
PI533851.g.vcf	OK	-	validated	
PI533853.g.vcf	OK	-	validated	
PI533854.g.vcf	OK	-	validated	
PI533855.g.vcf	FAIL	51040494	too_few_columns(3)	=69837961 GT:DP:GQ:MIN_DP:PL 0/0:12:36:12:0,36,391
PI533856.g.vcf	FAIL	67398	pos_out_of_order(1:239783<333590)	1 239783 . T <NON_REF> . . END=239785 GT:DP:GQ:MIN_DP:PL 0/0:9:27:9:0,27,338
PI533857.g.vcf	OK	-	validated	
PI533858.g.vcf	OK	-	validated	
PI533859.g.vcf	OK	-	validated	
PI533860.g.vcf	OK	-	validated	
PI533861.g.vcf	OK	-	validated	
PI533862.g.vcf	OK	-	validated	
PI533863.g.vcf	FAIL	4680	pos_out_of_order(1:35288<49920)	1 35288 . G <NON_REF> . . END=35288 GT:DP:GQ:MIN_DP:PL 0/0:8:18:8:0,18,270
PI533864.g.vcf	OK	-	validated	
PI533866.g.vcf	OK	-	validated	
PI533867.g.vcf	OK	-	validated	
PI533869.g.vcf	OK	-	validated	
PI533870.g.vcf	OK	-	validated	
PI533871.g.vcf	OK	-	validated	
PI533872.g.vcf	OK	-	validated	
PI533873.g.vcf	OK	-	validated	
PI533874.g.vcf	OK	-	validated	
PI533876.g.vcf	FAIL	127361240	too_few_columns(3)	35 GT:DP:GQ:MIN_DP:PL 0/0:22:2:22:0,2,701
PI533877.g.vcf	OK	-	validated	
PI533878.g.vcf	OK	-	validated	
PI533879.g.vcf	OK	-	validated	
PI533880.g.vcf	OK	-	validated	
PI533881.g.vcf	OK	-	validated	
PI533882.g.vcf	OK	-	validated	
PI533884.g.vcf	OK	-	validated	
PI533885.g.vcf	OK	-	validated	
PI533887.g.vcf	OK	-	validated	
PI533888.g.vcf	OK	-	validated	
PI533893.g.vcf	OK	-	validated	
PI533894.g.vcf	OK	-	validated	
PI533895.g.vcf	OK	-	validated	
PI533897.g.vcf	OK	-	validated	
PI533898.g.vcf	OK	-	validated	
PI533899.g.vcf	OK	-	validated	
PI533900.g.vcf	OK	-	validated	
PI533901.g.vcf	OK	-	validated	
PI533902.g.vcf	FAIL	801854	pos_out_of_order(1:3442031<4445919)	1 3442031 . C <NON_REF> . . END=3442031 GT:DP:GQ:MIN_DP:PL 0/0:12:27:12:0,27,405
PI533903.g.vcf	OK	-	validated	
PI533904.g.vcf	OK	-	validated	
PI533905_1.g.vcf	OK	-	validated	
PI533905_2.g.vcf	OK	-	validated	
PI533906.g.vcf	OK	-	validated	
PI533907.g.vcf	OK	-	validated	
PI533908.g.vcf	OK	-	validated	
PI533909.g.vcf	OK	-	validated	
PI533910.g.vcf	OK	-	validated	
PI533911.g.vcf	OK	-	validated	
PI533912.g.vcf	OK	-	validated	
PI533913.g.vcf	OK	-	validated	
PI533914.g.vcf	OK	-	validated	
PI533915.g.vcf	OK	-	validated	
PI533916.g.vcf	OK	-	validated	
PI533917.g.vcf	OK	-	validated	
PI533918.g.vcf	OK	-	validated	
PI533919.g.vcf	OK	-	validated	
PI533920.g.vcf	OK	-	validated	
PI533921.g.vcf	OK	-	validated	
PI533922.g.vcf	OK	-	validated	
PI533923.g.vcf	OK	-	validated	
PI533924.g.vcf	OK	-	validated	
PI533925.g.vcf	OK	-	validated	
PI533926.g.vcf	OK	-	validated	
PI533927.g.vcf	OK	-	validated	
PI533928.g.vcf	OK	-	validated	
PI533929.g.vcf	OK	-	validated	
PI533930.g.vcf	OK	-	validated	
PI533931.g.vcf	OK	-	validated	
PI533932.g.vcf	OK	-	validated	
PI533934.g.vcf	OK	-	validated	
PI533935.g.vcf	OK	-	validated	
PI533936.g.vcf	OK	-	validated	
PI533937.g.vcf	OK	-	validated	
PI533938.g.vcf	OK	-	validated	
PI533939.g.vcf	FAIL	115846323	too_few_columns(2)	 0/0:7:21:7:0,21,262
PI533940.g.vcf	OK	-	validated	
PI533941.g.vcf	OK	-	validated	
PI533942.g.vcf	OK	-	validated	
PI533943.g.vcf	OK	-	validated	
PI533944.g.vcf	OK	-	validated	
PI533946.g.vcf	OK	-	validated	
PI533947.g.vcf	OK	-	validated	
PI533948.g.vcf	OK	-	validated	
PI533949.g.vcf	OK	-	validated	
PI533950.g.vcf	OK	-	validated	
PI533951.g.vcf	OK	-	validated	
PI533952.g.vcf	OK	-	validated	
PI533953.g.vcf	OK	-	validated	
PI533954.g.vcf	OK	-	validated	
PI533955.g.vcf	OK	-	validated	
PI533956.g.vcf	OK	-	validated	
PI533957.g.vcf	OK	-	validated	
PI533958.g.vcf	OK	-	validated	
PI533959.g.vcf	OK	-	validated	
PI533960.g.vcf	OK	-	validated	
PI533961.g.vcf	OK	-	validated	
PI533962.g.vcf	OK	-	validated	
PI533963.g.vcf	OK	-	validated	
PI533964.g.vcf	OK	-	validated	
PI533965.g.vcf	OK	-	validated	
PI533966.g.vcf	OK	-	validated	
PI533967.g.vcf	OK	-	validated	
PI533968.g.vcf	OK	-	validated	
PI533969.g.vcf	OK	-	validated	
PI533970.g.vcf	OK	-	validated	
PI533971.g.vcf	OK	-	validated	
PI533972.g.vcf	OK	-	validated	
PI533973.g.vcf	OK	-	validated	
PI533974.g.vcf	OK	-	validated	
PI533975.g.vcf	OK	-	validated	
PI533976.g.vcf	OK	-	validated	
PI533977.g.vcf	OK	-	validated	
PI533978.g.vcf	OK	-	validated	
PI533979.g.vcf	OK	-	validated	
PI533980.g.vcf	OK	-	validated	
PI533981.g.vcf	OK	-	validated	
PI533982.g.vcf	OK	-	validated	
PI533983.g.vcf	OK	-	validated	
PI533984.g.vcf	OK	-	validated	
PI533985.g.vcf	OK	-	validated	
PI533986.g.vcf	OK	-	validated	
PI533987.g.vcf	OK	-	validated	
PI533988.g.vcf	OK	-	validated	
PI533989.g.vcf	OK	-	validated	
PI533990.g.vcf	OK	-	validated	
PI533991.g.vcf	OK	-	validated	
PI533992.g.vcf	OK	-	validated	
PI533993.g.vcf	OK	-	validated	
PI533994.g.vcf	OK	-	validated	
PI533995.g.vcf	OK	-	validated	
PI533996.g.vcf	OK	-	validated	
PI533997.g.vcf	OK	-	validated	
PI533999.g.vcf	OK	-	validated	
PI534001.g.vcf	OK	-	validated	
PI534002.g.vcf	OK	-	validated	
PI534004.g.vcf	OK	-	validated	
PI534005.g.vcf	OK	-	validated	
PI534006.g.vcf	OK	-	validated	
PI534007.g.vcf	OK	-	validated	
PI534008.g.vcf	OK	-	validated	
PI534009.g.vcf	OK	-	validated	
PI534010.g.vcf	OK	-	validated	
PI534011.g.vcf	OK	-	validated	
PI534013.g.vcf	OK	-	validated	
PI534014.g.vcf	OK	-	validated	
PI534015.g.vcf	OK	-	validated	
PI534016.g.vcf	OK	-	validated	
PI534017.g.vcf	OK	-	validated	
PI534019.g.vcf	OK	-	validated	
PI534020.g.vcf	OK	-	validated	
PI534021.g.vcf	OK	-	validated	
PI534022.g.vcf	OK	-	validated	
PI534023.g.vcf	OK	-	validated	
PI534024.g.vcf	OK	-	validated	
PI534025.g.vcf	OK	-	validated	
PI534026.g.vcf	OK	-	validated	
PI534027.g.vcf	OK	-	validated	
PI534028.g.vcf	OK	-	validated	
PI534030.g.vcf	OK	-	validated	
PI534031.g.vcf	OK	-	validated	
PI534032.g.vcf	OK	-	validated	
PI534033.g.vcf	OK	-	validated	
PI534034.g.vcf	OK	-	validated	
PI534035.g.vcf	OK	-	validated	
PI534036.g.vcf	OK	-	validated	
PI534037.g.vcf	OK	-	validated	
PI534038.g.vcf	OK	-	validated	
PI534040.g.vcf	OK	-	validated	
PI534041.g.vcf	OK	-	validated	
PI534042.g.vcf	OK	-	validated	
PI534043.g.vcf	OK	-	validated	
PI534044.g.vcf	OK	-	validated	
PI534045.g.vcf	OK	-	validated	
PI534046.g.vcf	OK	-	validated	
PI534047.g.vcf	OK	-	validated	
PI534049.g.vcf	OK	-	validated	
PI534050.g.vcf	OK	-	validated	
PI534051.g.vcf	OK	-	validated	
PI534052.g.vcf	OK	-	validated	
PI534053.g.vcf	OK	-	validated	
PI534054.g.vcf	OK	-	validated	
PI534055.g.vcf	OK	-	validated	
PI534057.g.vcf	OK	-	validated	
PI534058.g.vcf	OK	-	validated	
PI534059.g.vcf	OK	-	validated	
PI534060.g.vcf	OK	-	validated	
PI534061.g.vcf	OK	-	validated	
PI534062.g.vcf	OK	-	validated	
PI534063.g.vcf	FAIL	8407822	pos_out_of_order(1:33536067<41638738)	1 33536067 . A <NON_REF> . . END=33536084 GT:DP:GQ:MIN_DP:PL 0/0:9:21:7:0,21,180
PI534065.g.vcf	OK	-	validated	
PI534066.g.vcf	OK	-	validated	
PI534067.g.vcf	OK	-	validated	
PI534069.g.vcf	OK	-	validated	
PI534070.g.vcf	OK	-	validated	
PI534072.g.vcf	OK	-	validated	
PI534073.g.vcf	OK	-	validated	
PI534074.g.vcf	OK	-	validated	
PI534075.g.vcf	OK	-	validated	
PI534076.g.vcf	OK	-	validated	
PI534077.g.vcf	OK	-	validated	
PI534078.g.vcf	OK	-	validated	
PI534079.g.vcf	OK	-	validated	
PI534080.g.vcf	OK	-	validated	
PI534081.g.vcf	OK	-	validated	
PI534082.g.vcf	OK	-	validated	
PI534083.g.vcf	OK	-	validated	
PI534084.g.vcf	OK	-	validated	
PI534085.g.vcf	OK	-	validated	
PI534086.g.vcf	OK	-	validated	
PI534087.g.vcf	OK	-	validated	
PI534088.g.vcf	OK	-	validated	
PI534089.g.vcf	OK	-	validated	
PI534090.g.vcf	OK	-	validated	
PI534091.g.vcf	OK	-	validated	
PI534092.g.vcf	OK	-	validated	
PI534094.g.vcf	OK	-	validated	
PI534096.g.vcf	OK	-	validated	
PI534097.g.vcf	OK	-	validated	
PI534098.g.vcf	OK	-	validated	
PI534099.g.vcf	OK	-	validated	
PI534100.g.vcf	OK	-	validated	
PI534101.g.vcf	FAIL	104782224	non_integer_pos	1673 . CTAA C,<NON_REF> 121.78 . DP=4;ExcessHet=0.0000;MLEAC=1,0;MLEAF=0.500,0.00;RAW_MQandDP=14400,4 GT:AD:DP:GQ:PGT:PID:PL:PS:SB 1|1:0,3,0:3:9:0|1:811673_CTAA_C:135,9,0,135,9,135:811673:0,0,3,0
PI534102.g.vcf	OK	-	validated	
PI534103.g.vcf	OK	-	validated	
PI534105.g.vcf	OK	-	validated	
PI534106.g.vcf	OK	-	validated	
PI534107.g.vcf	OK	-	validated	
PI534108.g.vcf	OK	-	validated	
PI534109.g.vcf	OK	-	validated	
PI534110.g.vcf	OK	-	validated	
PI534111.g.vcf	OK	-	validated	
PI534112.g.vcf	OK	-	validated	
PI534113.g.vcf	OK	-	validated	
PI534114.g.vcf	OK	-	validated	
PI534115.g.vcf	OK	-	validated	
PI534116.g.vcf	OK	-	validated	
PI534117.g.vcf	OK	-	validated	
PI534118.g.vcf	OK	-	validated	
PI534119.g.vcf	OK	-	validated	
PI534120.g.vcf	OK	-	validated	
PI534121.g.vcf	OK	-	validated	
PI534122.g.vcf	OK	-	validated	
PI534123.g.vcf	OK	-	validated	
PI534124.g.vcf	FAIL	96830634	too_few_columns(2)	GT:DP:GQ:MIN_DP:PL 0/0:24:66:24:0,66,990
PI534126_1.g.vcf	OK	-	validated	
PI534126_2.g.vcf	OK	-	validated	
PI534127.g.vcf	OK	-	validated	
PI534128.g.vcf	OK	-	validated	
PI534130.g.vcf	OK	-	validated	
PI534131.g.vcf	OK	-	validated	
PI534132.g.vcf	FAIL	147456014	too_few_columns(2)	N_DP:PL 0/0:2:6:2:0,6,80
PI534133.g.vcf	OK	-	validated	
PI534134.g.vcf	OK	-	validated	
PI534135.g.vcf	OK	-	validated	
PI534136.g.vcf	OK	-	validated	
PI534137.g.vcf	OK	-	validated	
PI534138.g.vcf	OK	-	validated	
PI534139.g.vcf	OK	-	validated	
PI534140.g.vcf	OK	-	validated	
PI534141.g.vcf	OK	-	validated	
PI534142.g.vcf	OK	-	validated	
PI534144.g.vcf	OK	-	validated	
PI534145.g.vcf	OK	-	validated	
PI534146.g.vcf	OK	-	validated	
PI534147.g.vcf	OK	-	validated	
PI534148.g.vcf	OK	-	validated	
PI534149.g.vcf	OK	-	validated	
PI534150.g.vcf	OK	-	validated	
PI534151.g.vcf	OK	-	validated	
PI534152.g.vcf	OK	-	validated	
PI534153.g.vcf	OK	-	validated	
PI534154.g.vcf	OK	-	validated	
PI534155.g.vcf	OK	-	validated	
PI534156.g.vcf	OK	-	validated	
PI534157.g.vcf	FAIL	124451866	too_few_columns(2)	Q:MIN_DP:PL 0/0:8:24:8:0,24,211
PI534158.g.vcf	OK	-	validated	
PI534159.g.vcf	OK	-	validated	
PI534160.g.vcf	OK	-	validated	
PI534162.g.vcf	OK	-	validated	
PI534163.g.vcf	OK	-	validated	
PI534164.g.vcf	OK	-	validated	
PI534165.g.vcf	OK	-	validated	
PI534166.g.vcf	OK	-	validated	
PI534167.g.vcf	OK	-	validated	
PI540816.g.vcf	OK	-	validated	
PI542406.g.vcf	OK	-	validated	
PI542718.g.vcf	OK	-	validated	
PI548797.g.vcf	OK	-	validated	
PI552856.g.vcf	OK	-	validated	
PI552861.g.vcf	FAIL	-	missing_or_empty_idx	
PI561071.g.vcf	FAIL	-	missing_or_empty_idx	
PI561072.g.vcf	FAIL	-	missing_or_empty_idx	
PI561073.g.vcf	FAIL	-	missing_or_empty_idx	
PI562730.g.vcf	OK	-	validated	
PI564163.g.vcf	OK	-	validated	
PI564164.g.vcf	OK	-	validated	
PI564165.g.vcf	OK	-	validated	
PI565121.g.vcf	OK	-	validated	
PI566819.g.vcf	OK	-	validated	
PI576130.g.vcf	FAIL	1656	pos_out_of_order(1:25409<25561)	1 25409 . C <NON_REF> . . END=25422 GT:DP:GQ:MIN_DP:PL 0/0:28:72:26:0,72,1080
PI576328.g.vcf	FAIL	-	missing_or_empty_idx	
PI576329.g.vcf	OK	-	validated	
PI576330.g.vcf	OK	-	validated	
PI576332.g.vcf	OK	-	validated	
PI576333.g.vcf	OK	-	validated	
PI576334.g.vcf	OK	-	validated	
PI576335.g.vcf	OK	-	validated	
PI576337.g.vcf	FAIL	120702899	too_few_columns(6)	ON_REF> . . END=58320747 GT:DP:GQ:MIN_DP:PL 0/0:1:3:1:0,3,40
PI576338.g.vcf	OK	-	validated	
PI576339.g.vcf	OK	-	validated	
PI576340.g.vcf	OK	-	validated	
PI576341.g.vcf	OK	-	validated	
PI576342.g.vcf	FAIL	-	missing_or_empty_idx	
PI576343.g.vcf	FAIL	-	missing_or_empty_idx	
PI576345.g.vcf	OK	-	validated	
PI576346.g.vcf	OK	-	validated	
PI576347.g.vcf	FAIL	114303469	too_few_columns(1)	:15:39:14:0,39,585
PI576348.g.vcf	FAIL	10562545	non_integer_pos	77528 . A <NON_REF> . . END=48577528 GT:DP:GQ:MIN_DP:PL 0/0:15:10:15:0,10,484
PI576349.g.vcf	FAIL	-	missing_or_empty_idx	
PI576350.g.vcf	FAIL	-	missing_or_empty_idx	
PI576351.g.vcf	OK	-	validated	
PI576352.g.vcf	OK	-	validated	
PI576354.g.vcf	FAIL	-	missing_or_empty_idx	
PI576355.g.vcf	FAIL	-	missing_or_empty_idx	
PI576357.g.vcf	FAIL	-	missing_or_empty_idx	
PI576358.g.vcf	OK	-	validated	
PI576359.g.vcf	OK	-	validated	
PI576360.g.vcf	FAIL	-	missing_or_empty_idx	
PI576361.g.vcf	FAIL	-	missing_or_empty_idx	
PI576362.g.vcf	OK	-	validated	
PI576363.g.vcf	OK	-	validated	
PI576364.g.vcf	OK	-	validated	
PI576366.g.vcf	OK	-	validated	
PI576368.g.vcf	OK	-	validated	
PI576369.g.vcf	OK	-	validated	
PI576370.g.vcf	OK	-	validated	
PI576371.g.vcf	OK	-	validated	
PI576372.g.vcf	OK	-	validated	
PI576373.g.vcf	OK	-	validated	
PI576374.g.vcf	OK	-	validated	
PI576375.g.vcf	OK	-	validated	
PI576376.g.vcf	OK	-	validated	
PI576377.g.vcf	OK	-	validated	
PI576378.g.vcf	OK	-	validated	
PI576379.g.vcf	OK	-	validated	
PI576380.g.vcf	OK	-	validated	
PI576381.g.vcf	OK	-	validated	
PI576382.g.vcf	OK	-	validated	
PI576383.g.vcf	OK	-	validated	
PI576385.g.vcf	OK	-	validated	
PI576386.g.vcf	OK	-	validated	
PI576387.g.vcf	OK	-	validated	
PI576389.g.vcf	OK	-	validated	
PI576390.g.vcf	OK	-	validated	
PI576391.g.vcf	OK	-	validated	
PI576392.g.vcf	OK	-	validated	
PI576393.g.vcf	OK	-	validated	
PI576394.g.vcf	OK	-	validated	
PI576395.g.vcf	OK	-	validated	
PI576396.g.vcf	OK	-	validated	
PI576397.g.vcf	FAIL	-	missing_or_empty_idx	
PI576398.g.vcf	OK	-	validated	
PI576399.g.vcf	OK	-	validated	
PI576400.g.vcf	OK	-	validated	
PI576401.g.vcf	OK	-	validated	
PI576402.g.vcf	OK	-	validated	
PI576403.g.vcf	OK	-	validated	
PI576404_1.g.vcf	OK	-	validated	
PI576404_2.g.vcf	OK	-	validated	
PI576405.g.vcf	FAIL	-	missing_or_empty_idx	
PI576406.g.vcf	FAIL	-	missing_or_empty_idx	
PI576407.g.vcf	OK	-	validated	
PI576408.g.vcf	OK	-	validated	
PI576409.g.vcf	OK	-	validated	
PI576410.g.vcf	OK	-	validated	
PI576411_1.g.vcf	OK	-	validated	
PI576411_2.g.vcf	OK	-	validated	
PI576412.g.vcf	OK	-	validated	
PI576413.g.vcf	OK	-	validated	
PI576414.g.vcf	OK	-	validated	
PI576415.g.vcf	OK	-	validated	
PI576416_1.g.vcf	OK	-	validated	
PI576416.g.vcf	OK	-	validated	
PI576417.g.vcf	OK	-	validated	
PI576418.g.vcf	OK	-	validated	
PI576419.g.vcf	OK	-	validated	
PI576420.g.vcf	OK	-	validated	
PI576421.g.vcf	OK	-	validated	
PI576422.g.vcf	OK	-	validated	
PI576423.g.vcf	OK	-	validated	
PI576424.g.vcf	OK	-	validated	
PI576425.g.vcf	OK	-	validated	
PI576426.g.vcf	OK	-	validated	
PI576427.g.vcf	OK	-	validated	
PI576428.g.vcf	OK	-	validated	
PI576429.g.vcf	OK	-	validated	
PI576431.g.vcf	OK	-	validated	
PI576432.g.vcf	OK	-	validated	
PI576433.g.vcf	OK	-	validated	
PI576434.g.vcf	OK	-	validated	
PI576435.g.vcf	OK	-	validated	
PI576436.g.vcf	OK	-	validated	
PI576437.g.vcf	OK	-	validated	
PI585291.g.vcf	OK	-	validated	
PI585295.g.vcf	OK	-	validated	
PI595699.g.vcf	OK	-	validated	
PI595700.g.vcf	OK	-	validated	
PI595701.g.vcf	OK	-	validated	
PI595702.g.vcf	OK	-	validated	
PI595703.g.vcf	OK	-	validated	
PI595704.g.vcf	OK	-	validated	
PI595705.g.vcf	OK	-	validated	
PI595706.g.vcf	OK	-	validated	
PI595708.g.vcf	OK	-	validated	
PI595709.g.vcf	OK	-	validated	
PI595710.g.vcf	OK	-	validated	
PI595711.g.vcf	OK	-	validated	
PI595712.g.vcf	OK	-	validated	
PI595713.g.vcf	OK	-	validated	
PI595714.g.vcf	OK	-	validated	
PI595715.g.vcf	OK	-	validated	
PI595716.g.vcf	OK	-	validated	
PI595717.g.vcf	OK	-	validated	
PI595718.g.vcf	OK	-	validated	
PI595719.g.vcf	OK	-	validated	
PI595720.g.vcf	OK	-	validated	
PI595721.g.vcf	OK	-	validated	
PI595722.g.vcf	OK	-	validated	
PI595723.g.vcf	OK	-	validated	
PI595724.g.vcf	OK	-	validated	
PI595725.g.vcf	FAIL	-	missing_or_empty_idx	
PI595726.g.vcf	FAIL	-	missing_or_empty_idx	
PI595727.g.vcf	FAIL	-	missing_or_empty_idx	
PI595728.g.vcf	FAIL	-	missing_or_empty_idx	
PI595729.g.vcf	OK	-	validated	
PI595730.g.vcf	OK	-	validated	
PI595731.g.vcf	OK	-	validated	
PI595732.g.vcf	OK	-	validated	
PI595733.g.vcf	OK	-	validated	
PI595734.g.vcf	OK	-	validated	
PI595735.g.vcf	OK	-	validated	
PI595736.g.vcf	FAIL	-	missing_or_empty_idx	
PI595737.g.vcf	FAIL	-	missing_or_empty_idx	
PI595738.g.vcf	FAIL	-	missing_or_empty_idx	
PI595739.g.vcf	FAIL	-	missing_or_empty_idx	
PI595740.g.vcf	FAIL	1808312	pos_out_of_order(1:10057520<11968635)	1 10057520 . A <NON_REF> . . END=10057522 GT:DP:GQ:MIN_DP:PL 0/0:17:51:17:0,51,642
PI595741.g.vcf	OK	-	validated	
PI595742.g.vcf	OK	-	validated	
PI595743.g.vcf	FAIL	6320	pos_out_of_order(1:41046<62909)	1 41046 . A <NON_REF> . . END=41046 GT:DP:GQ:MIN_DP:PL 0/0:11:33:11:0,33,348
PI595744.g.vcf	OK	-	validated	
PI595745.g.vcf	OK	-	validated	
PI595746.g.vcf	OK	-	validated	
PI595747.g.vcf	OK	-	validated	
PI595748.g.vcf	OK	-	validated	
PI597943.g.vcf	OK	-	validated	
PI597944.g.vcf	OK	-	validated	
PI597945.g.vcf	OK	-	validated	
PI597946.g.vcf	FAIL	-	missing_or_empty_idx	
PI597947.g.vcf	FAIL	-	missing_or_empty_idx	
PI597949.g.vcf	FAIL	-	missing_or_empty_idx	
PI597950.g.vcf	FAIL	135630	non_integer_pos	62 . G <NON_REF> . . END=603171 GT:DP:GQ:MIN_DP:PL 0/0:7:21:7:0,21,248
PI597951.g.vcf	FAIL	-	missing_or_empty_idx	
PI597952.g.vcf	FAIL	-	missing_or_empty_idx	
PI597953.g.vcf	OK	-	validated	
PI597955.g.vcf	OK	-	validated	
PI597956.g.vcf	OK	-	validated	
PI597957.g.vcf	OK	-	validated	
PI597958.g.vcf	OK	-	validated	
PI597959.g.vcf	OK	-	validated	
PI597960.g.vcf	OK	-	validated	
PI597961.g.vcf	OK	-	validated	
PI597962.g.vcf	OK	-	validated	
PI597963.g.vcf	OK	-	validated	
PI597964.g.vcf	OK	-	validated	
PI597965.g.vcf	OK	-	validated	
PI597966.g.vcf	OK	-	validated	
PI597967.g.vcf	OK	-	validated	
PI597968.g.vcf	OK	-	validated	
PI597970.g.vcf	OK	-	validated	
PI597971.g.vcf	OK	-	validated	
PI597972.g.vcf	OK	-	validated	
PI597973.g.vcf	OK	-	validated	
PI597974.g.vcf	OK	-	validated	
PI597975.g.vcf	OK	-	validated	
PI597976.g.vcf	OK	-	validated	
PI597977.g.vcf	OK	-	validated	
PI597978.g.vcf	OK	-	validated	
PI597979.g.vcf	OK	-	validated	
PI597980.g.vcf	FAIL	-	missing_or_empty_idx	
PI597981.g.vcf	FAIL	-	missing_or_empty_idx	
PI597982.g.vcf	FAIL	-	missing_or_empty_idx	
PI598069.g.vcf	FAIL	-	missing_or_empty_idx	
PI598070.g.vcf	FAIL	7688231	too_few_columns(3)	9 GT:DP:GQ:MIN_DP:PL 0/0:18:51:17:0,51,530
PI601816.g.vcf	FAIL	-	missing_or_empty_idx	
PI607931.g.vcf	FAIL	-	missing_or_empty_idx	
PI609456.g.vcf	FAIL	-	missing_or_empty_idx	
PI613536.g.vcf	FAIL	-	missing_or_empty_idx	
PI629034.g.vcf	FAIL	-	missing_or_empty_idx	
PI629040.g.vcf	FAIL	-	missing_or_empty_idx	
PI629059.g.vcf	FAIL	-	missing_or_empty_idx	
PI641824.g.vcf	FAIL	15026168	too_few_columns(2)	IN_DP:PL 0/0:5:9:4:0,9,135
PI641836.g.vcf	FAIL	-	missing_or_empty_idx	
PI641849.g.vcf	FAIL	-	missing_or_empty_idx	
PI641874.g.vcf	FAIL	18712271	too_few_columns(7)	 <NON_REF> . . END=73534644 GT:DP:GQ:MIN_DP:PL 0/0:18:54:18:0,54,643
PI642791.g.vcf	FAIL	-	missing_or_empty_idx	
PI642793.g.vcf	FAIL	-	missing_or_empty_idx	
PI642992.g.vcf	OK	-	validated	
PI642998.g.vcf	OK	-	validated	
PI651492.g.vcf	OK	-	validated	
PI651496.g.vcf	FAIL	-	missing_or_empty_idx	
PI653616.g.vcf	FAIL	-	missing_or_empty_idx	
PI653617.g.vcf	FAIL	-	missing_or_empty_idx	
PI655970.g.vcf	FAIL	-	missing_or_empty_idx	
PI655971.g.vcf	FAIL	-	missing_or_empty_idx	
PI655972.g.vcf	FAIL	-	missing_or_empty_idx	
PI655973.g.vcf	FAIL	-	missing_or_empty_idx	
PI655974.g.vcf	OK	-	validated	
PI655975.g.vcf	OK	-	validated	
PI655976.g.vcf	OK	-	validated	
PI655977.g.vcf	OK	-	validated	
PI655978.g.vcf	OK	-	validated	
PI655979.g.vcf	OK	-	validated	
PI655980.g.vcf	OK	-	validated	
PI655982.g.vcf	OK	-	validated	
PI655983.g.vcf	OK	-	validated	
PI655984.g.vcf	OK	-	validated	
PI655985.g.vcf	OK	-	validated	
PI655986.g.vcf	OK	-	validated	
PI655987.g.vcf	OK	-	validated	
PI655988.g.vcf	OK	-	validated	
PI655989.g.vcf	OK	-	validated	
PI655990.g.vcf	OK	-	validated	
PI655991.g.vcf	OK	-	validated	
PI655992.g.vcf	OK	-	validated	
PI655993.g.vcf	OK	-	validated	
PI655994.g.vcf	OK	-	validated	
PI655995.g.vcf	OK	-	validated	
PI655996.g.vcf	OK	-	validated	
PI655997.g.vcf	OK	-	validated	
PI655998.g.vcf	OK	-	validated	
PI655999.g.vcf	OK	-	validated	
PI656000.g.vcf	OK	-	validated	
PI656001.g.vcf	OK	-	validated	
PI656002.g.vcf	OK	-	validated	
PI656003.g.vcf	OK	-	validated	
PI656004.g.vcf	OK	-	validated	
PI656005.g.vcf	OK	-	validated	
PI656006.g.vcf	OK	-	validated	
PI656007.g.vcf	OK	-	validated	
PI656008.g.vcf	OK	-	validated	
PI656010.g.vcf	FAIL	-	missing_or_empty_idx	
PI656011.g.vcf	FAIL	-	missing_or_empty_idx	
PI656012.g.vcf	FAIL	-	missing_or_empty_idx	
PI656013.g.vcf	FAIL	-	missing_or_empty_idx	
PI656014.g.vcf	FAIL	-	missing_or_empty_idx	
PI656015.g.vcf	FAIL	-	missing_or_empty_idx	
PI656016.g.vcf	FAIL	-	missing_or_empty_idx	
PI656017.g.vcf	FAIL	-	missing_or_empty_idx	
PI656018.g.vcf	FAIL	-	missing_or_empty_idx	
PI656019.g.vcf	FAIL	-	missing_or_empty_idx	
PI656020.g.vcf	FAIL	-	missing_or_empty_idx	
PI656021.g.vcf	FAIL	-	missing_or_empty_idx	
PI656022.g.vcf	OK	-	validated	
PI656023.g.vcf	OK	-	validated	
PI656024.g.vcf	OK	-	validated	
PI656025.g.vcf	OK	-	validated	
PI656026.g.vcf	OK	-	validated	
PI656027.g.vcf	OK	-	validated	
PI656028.g.vcf	OK	-	validated	
PI656029.g.vcf	OK	-	validated	
PI656031.g.vcf	OK	-	validated	
PI656032.g.vcf	OK	-	validated	
PI656033.g.vcf	OK	-	validated	
PI656034.g.vcf	OK	-	validated	
PI656035.g.vcf	OK	-	validated	
PI656036.g.vcf	OK	-	validated	
PI656037.g.vcf	FAIL	-	missing_or_empty_idx	
PI656038.g.vcf	FAIL	-	missing_or_empty_idx	
PI656039.g.vcf	OK	-	validated	
PI656040.g.vcf	OK	-	validated	
PI656041.g.vcf	FAIL	-	missing_or_empty_idx	
PI656042.g.vcf	FAIL	-	missing_or_empty_idx	
PI656043.g.vcf	OK	-	validated	
PI656044.g.vcf	OK	-	validated	
PI656046.g.vcf	OK	-	validated	
PI656047.g.vcf	OK	-	validated	
PI656048.g.vcf	OK	-	validated	
PI656049.g.vcf	FAIL	37128	pos_out_of_order(1:178148<212821)	1 178148 . T <NON_REF> . . END=178166 GT:DP:GQ:MIN_DP:PL 0/0:5:15:5:0,15,179
PI656050.g.vcf	OK	-	validated	
PI656051.g.vcf	OK	-	validated	
PI656052.g.vcf	FAIL	60897	pos_out_of_order(1:265696<321343)	1 265696 . T <NON_REF> . . END=265697 GT:DP:GQ:MIN_DP:PL 0/0:10:30:10:0,30,364
PI656053.g.vcf	OK	-	validated	
PI656054.g.vcf	FAIL	-	missing_or_empty_idx	
PI656055.g.vcf	FAIL	-	missing_or_empty_idx	
PI656056.g.vcf	FAIL	-	missing_or_empty_idx	
PI656057.g.vcf	FAIL	3957171	too_few_columns(3)	0000;MLEAC=1,0;MLEAF=0.500,0.00;MQRankSum=-1.465;RAW_MQandDP=23809,7;ReadPosRankSum=1.465 GT:AD:DP:GQ:PGT:PID:PL:PS:SB 0|1:6,1,0:7:24:0|1:38537026_C_T:24,0,249,42,252,294:38537026:2,4,1,0
PI656058.g.vcf	FAIL	-	missing_or_empty_idx	
PI656059.g.vcf	FAIL	-	missing_or_empty_idx	
PI656060.g.vcf	FAIL	-	missing_or_empty_idx	
PI656061.g.vcf	FAIL	-	missing_or_empty_idx	
PI656062.g.vcf	FAIL	-	missing_or_empty_idx	
PI656063.g.vcf	FAIL	-	missing_or_empty_idx	
PI656064.g.vcf	FAIL	-	missing_or_empty_idx	
PI656065.g.vcf	OK	-	validated	
PI656066.g.vcf	OK	-	validated	
PI656067.g.vcf	OK	-	validated	
PI656068.g.vcf	OK	-	validated	
PI656069.g.vcf	OK	-	validated	
PI656070.g.vcf	OK	-	validated	
PI656071.g.vcf	OK	-	validated	
PI656072.g.vcf	FAIL	-	missing_or_empty_idx	
PI656073.g.vcf	FAIL	-	missing_or_empty_idx	
PI656074.g.vcf	FAIL	-	missing_or_empty_idx	
PI656075.g.vcf	FAIL	-	missing_or_empty_idx	
PI656076.g.vcf	FAIL	-	missing_or_empty_idx	
PI656077.g.vcf	FAIL	9907488	too_few_columns(2)	:GQ:MIN_DP:PL 0/0:15:42:15:0,42,630
PI656078.g.vcf	FAIL	-	missing_or_empty_idx	
PI656079.g.vcf	FAIL	-	missing_or_empty_idx	
PI656081.g.vcf	FAIL	-	missing_or_empty_idx	
PI656082.g.vcf	FAIL	206742	pos_out_of_order(1:73141<731473)	1 73141 1090772 . G <NON_REF> . . END=1090791 GT:DP:GQ:MIN_DP:PL 0/0:3:9:3:0,9,87
PI656083.g.vcf	OK	-	validated	
PI656085.g.vcf	FAIL	103408842	too_few_columns(3)	1,0;MLEAF=0.500,0.00;MQRankSum=0.000;RAW_MQandDP=18000,5;ReadPosRankSum=0.000 GT:AD:DP:GQ:PGT:PID:PL:PS:SB 0|1:4,1,0:5:29:0|1:7066863_A_G:29,0,165,41,168,209:7066863:4,0,0,1
PI656086.g.vcf	OK	-	validated	
PI656087.g.vcf	OK	-	validated	
PI656088.g.vcf	OK	-	validated	
PI656089.g.vcf	OK	-	validated	
PI656090.g.vcf	OK	-	validated	
PI656091.g.vcf	OK	-	validated	
PI656092.g.vcf	OK	-	validated	
PI656093.g.vcf	FAIL	85657480	too_few_columns(6)	REF> . . END=17934029 GT:DP:GQ:MIN_DP:PL 0/0:8:2:8:0,2,233
PI656094.g.vcf	FAIL	82115202	too_few_columns(8)	. T <NON_REF> . . END=28367863 GT:DP:GQ:MIN_DP:PL 0/0:24:72:24:0,72,914
PI656095.g.vcf	OK	-	validated	
PI656096.g.vcf	OK	-	validated	
PI656097.g.vcf	OK	-	validated	
PI656098.g.vcf	OK	-	validated	
PI656099.g.vcf	OK	-	validated	
PI656100.g.vcf	OK	-	validated	
PI656101.g.vcf	OK	-	validated	
PI656102.g.vcf	OK	-	validated	
PI656103.g.vcf	OK	-	validated	
PI656104.g.vcf	OK	-	validated	
PI656105.g.vcf	OK	-	validated	
PI656106.g.vcf	OK	-	validated	
PI656107.g.vcf	FAIL	76548484	too_few_columns(1)	
PI656108.g.vcf	OK	-	validated	
PI656109.g.vcf	OK	-	validated	
PI656110.g.vcf	OK	-	validated	
PI656111.g.vcf	OK	-	validated	
PI656112.g.vcf	OK	-	validated	
PI656114.g.vcf	OK	-	validated	
PI656115.g.vcf	OK	-	validated	
PI656116.g.vcf	OK	-	validated	
PI656118.g.vcf	OK	-	validated	
PI656119.g.vcf	FAIL	366390	pos_out_of_order(1:1516115<2155664)	1 1516115 . A G,<NON_REF> 210.96 . DP=5;ExcessHet=0.0000;MLEAC=2,0;MLEAF=1.00,0.00;RAW_MQandDP=16900,5 GT:AD:DP:GQ:PGT:PID:PL:PS:SB 1|1:0,5,0:5:15:0|1:1515983_CTGA_C:225,15,0,225,15,225:1515983:0,0,2,3
PI656120.g.vcf	OK	-	validated	
PI656121.g.vcf	FAIL	-	missing_or_empty_idx	
PI659691.g.vcf	FAIL	-	missing_or_empty_idx	
PI659694.g.vcf	FAIL	-	missing_or_empty_idx	
PI659695.g.vcf	FAIL	-	missing_or_empty_idx	
PI659696.g.vcf	FAIL	-	missing_or_empty_idx	
PI659753.g.vcf	FAIL	-	missing_or_empty_idx	
SC0003.g.vcf	FAIL	-	missing_or_empty_idx	
SC0027.g.vcf	FAIL	-	missing_or_empty_idx	
SC0041.g.vcf	OK	-	validated	
SC0092.g.vcf	FAIL	-	missing_or_empty_idx	
SC0138.g.vcf	FAIL	-	missing_or_empty_idx	
SC0150.g.vcf	FAIL	-	missing_or_empty_idx	
SC0156.g.vcf	OK	-	validated	
SC0157.g.vcf	OK	-	validated	
SC0159.g.vcf	FAIL	-	missing_or_empty_idx	
SC0178.g.vcf	FAIL	-	missing_or_empty_idx	
SC0179.g.vcf	FAIL	-	missing_or_empty_idx	
SC0191.g.vcf	FAIL	-	missing_or_empty_idx	
SC0201.g.vcf	FAIL	-	missing_or_empty_idx	
SC0236.g.vcf	FAIL	-	missing_or_empty_idx	
SC0247.g.vcf	FAIL	-	missing_or_empty_idx	
SC0249.g.vcf	FAIL	-	missing_or_empty_idx	
SC0263.g.vcf	FAIL	-	missing_or_empty_idx	
SC0266.g.vcf	OK	-	validated	
SC0276.g.vcf	OK	-	validated	
SC0287.g.vcf	OK	-	validated	
SC0297.g.vcf	OK	-	validated	
SC0314.g.vcf	FAIL	-	missing_or_empty_idx	
SC0343.g.vcf	FAIL	-	missing_or_empty_idx	
SC0371.g.vcf	FAIL	-	missing_or_empty_idx	
SC0400.g.vcf	FAIL	-	missing_or_empty_idx	
SC0409.g.vcf	FAIL	-	missing_or_empty_idx	
SC0412.g.vcf	FAIL	-	missing_or_empty_idx	
SC0436.g.vcf	FAIL	-	missing_or_empty_idx	
SC0445.g.vcf	OK	-	validated	
SC0448.g.vcf	OK	-	validated	
SC0456.g.vcf	OK	-	validated	
SC0458.g.vcf	OK	-	validated	
SC0470.g.vcf	OK	-	validated	
SC0479.g.vcf	FAIL	-	missing_or_empty_idx	
SC0505.g.vcf	OK	-	validated	
SC0517.g.vcf	OK	-	validated	
SC0521.g.vcf	OK	-	validated	
SC0540.g.vcf	OK	-	validated	
SC0542.g.vcf	OK	-	validated	
SC0547.g.vcf	OK	-	validated	
SC0550.g.vcf	OK	-	validated	
SC0551.g.vcf	OK	-	validated	
SC0556.g.vcf	OK	-	validated	
SC0581.g.vcf	OK	-	validated	
SC0582.g.vcf	OK	-	validated	
SC0602.g.vcf	OK	-	validated	
SC0604.g.vcf	OK	-	validated	
SC0615.g.vcf	OK	-	validated	
SC0616.g.vcf	OK	-	validated	
SC0618.g.vcf	OK	-	validated	
SC0631.g.vcf	OK	-	validated	
SC0636.g.vcf	OK	-	validated	
SC0652.g.vcf	OK	-	validated	
SC0685.g.vcf	OK	-	validated	
SC0713.g.vcf	OK	-	validated	
SC0741.g.vcf	FAIL	-	missing_or_empty_idx	
SC0747.g.vcf	FAIL	-	missing_or_empty_idx	
SC0753.g.vcf	FAIL	-	missing_or_empty_idx	
SC0777.g.vcf	FAIL	-	missing_or_empty_idx	
SC0814.g.vcf	OK	-	validated	
SC0823.g.vcf	OK	-	validated	
SC0834.g.vcf	OK	-	validated	
SC0837.g.vcf	OK	-	validated	
SC0847.g.vcf	OK	-	validated	
SC0848.g.vcf	OK	-	validated	
SC0854.g.vcf	OK	-	validated	
SC0858.g.vcf	OK	-	validated	
SC0860.g.vcf	OK	-	validated	
SC0864.g.vcf	OK	-	validated	
SC0868.g.vcf	OK	-	validated	
SC0870.g.vcf	OK	-	validated	
SC0871.g.vcf	OK	-	validated	
SC0877.g.vcf	OK	-	validated	
SC0878.g.vcf	OK	-	validated	
SC0893.g.vcf	OK	-	validated	
SC0895.g.vcf	OK	-	validated	
SC0914.g.vcf	OK	-	validated	
SC0921.g.vcf	OK	-	validated	
SC0923.g.vcf	OK	-	validated	
SC0965.g.vcf	OK	-	validated	
SC0999.g.vcf	OK	-	validated	
SC1021.g.vcf	OK	-	validated	
SC1023.g.vcf	OK	-	validated	
SC1024.g.vcf	OK	-	validated	
SC1058.g.vcf	OK	-	validated	
SC1082.g.vcf	OK	-	validated	
SC1097.g.vcf	OK	-	validated	
SC1107.g.vcf	OK	-	validated	
SC1114.g.vcf	OK	-	validated	
SC1119.g.vcf	OK	-	validated	
SC1120.g.vcf	OK	-	validated	
SC1133.g.vcf	OK	-	validated	
SC1166.g.vcf	OK	-	validated	
SC1170.g.vcf	FAIL	-	missing_or_empty_idx	
SC1178.g.vcf	FAIL	-	missing_or_empty_idx	
SC1193.g.vcf	FAIL	-	missing_or_empty_idx	
SC1216.g.vcf	FAIL	-	missing_or_empty_idx	
SC1442.g.vcf	FAIL	-	missing_or_empty_idx	
SC1446.g.vcf	FAIL	-	missing_or_empty_idx	
