Dataset,DirName
SORgSD,BTx643
SORgSD,BTx645
SORgSD,logs
SORgSD,PI153844
SORgSD,PI153846
SORgSD,PI153852
SORgSD,PI17548
SORgSD,PI22326
SORgSD,PI34911
SORgSD,PI48770
SORgSD,PI533745
SORgSD,PI533746
SORgSD,PI533747
SORgSD,PI533749
SORgSD,PI533750
SORgSD,PI533751
SORgSD,PI533753
SORgSD,PI533756
SORgSD,PI533762
SORgSD,PI533763
SORgSD,PI533764
SORgSD,PI533765
SORgSD,PI533768
SORgSD,PI533770
SORgSD,PI533771
SORgSD,PI533772
SORgSD,PI533774
SORgSD,PI533775
SORgSD,PI533777
SORgSD,PI533778
SORgSD,PI533779
SORgSD,PI533780
SORgSD,PI533781
SORgSD,PI533782
SORgSD,PI533783
SORgSD,PI533784
SORgSD,PI533786
SORgSD,PI533787
SORgSD,PI533790
SORgSD,PI533791
SORgSD,PI533793
SORgSD,PI533795
SORgSD,PI533797
SORgSD,PI533798
SORgSD,PI533802
SORgSD,PI533803
SORgSD,PI533804
SORgSD,PI533808
SORgSD,PI533809
SORgSD,PI533811
SORgSD,PI533812
SORgSD,PI533813
SORgSD,PI533816_1
SORgSD,PI533816_2
SORgSD,PI533818
SORgSD,PI533819
SORgSD,PI533820
SORgSD,PI533823
SORgSD,PI533825
SORgSD,PI533827
SORgSD,PI533828
SORgSD,PI533829
SORgSD,PI533830
SORgSD,PI533832
SORgSD,PI533833
SORgSD,PI533834
SORgSD,PI533835
SORgSD,PI533836
SORgSD,PI533837
SORgSD,PI533840
SORgSD,PI533841
SORgSD,PI533844
SORgSD,PI533846
SORgSD,PI533847
SORgSD,PI533848
SORgSD,PI533849
SORgSD,PI533850
SORgSD,PI533851
SORgSD,PI533852
SORgSD,PI533853
SORgSD,PI533854
SORgSD,PI533855
SORgSD,PI533856
SORgSD,PI533857
SORgSD,PI533858
SORgSD,PI533859
SORgSD,PI533860
SORgSD,PI533861
SORgSD,PI533862
SORgSD,PI533863
SORgSD,PI533864
SORgSD,PI533865
SORgSD,PI533866
SORgSD,PI533867
SORgSD,PI533870
SORgSD,PI533872
SORgSD,PI533873
SORgSD,PI533874
SORgSD,PI533876
SORgSD,PI533877
SORgSD,PI533879
SORgSD,PI533880
SORgSD,PI533881
SORgSD,PI533883
SORgSD,PI533884
SORgSD,PI533885
SORgSD,PI533887
SORgSD,PI533888
SORgSD,PI533890
SORgSD,PI533893
SORgSD,PI533894
SORgSD,PI533895
SORgSD,PI533897
SORgSD,PI533898
SORgSD,PI533899
SORgSD,PI533900
SORgSD,PI533902
SORgSD,PI533904
SORgSD,PI533905_1
SORgSD,PI533905_2
SORgSD,PI533906
SORgSD,PI533907
SORgSD,PI533908
SORgSD,PI533909
SORgSD,PI533914
SORgSD,PI533916
SORgSD,PI533917
SORgSD,PI533918
SORgSD,PI533920
SORgSD,PI533922
SORgSD,PI533923
SORgSD,PI533924
SORgSD,PI533925
SORgSD,PI533926
SORgSD,PI533928
SORgSD,PI533929
SORgSD,PI533930
SORgSD,PI533931
SORgSD,PI533932
SORgSD,PI533933
SORgSD,PI533934
SORgSD,PI533935
SORgSD,PI533939
SORgSD,PI533941
SORgSD,PI533942
SORgSD,PI533944
SORgSD,PI533946
SORgSD,PI533947
SORgSD,PI533950
SORgSD,PI533951
SORgSD,PI533952
SORgSD,PI533953
SORgSD,PI533958
SORgSD,PI533959
SORgSD,PI533960
SORgSD,PI533961
SORgSD,PI533963
SORgSD,PI533966
SORgSD,PI533968
SORgSD,PI533969
SORgSD,PI533971
SORgSD,PI533973
SORgSD,PI533974
SORgSD,PI533975
SORgSD,PI533977
SORgSD,PI533978
SORgSD,PI533981
SORgSD,PI533982
SORgSD,PI533983
SORgSD,PI533984
SORgSD,PI533988
SORgSD,PI533990
SORgSD,PI533992
SORgSD,PI533993
SORgSD,PI533994
SORgSD,PI533995
SORgSD,PI533999
SORgSD,PI534001
SORgSD,PI534002
SORgSD,PI534004
SORgSD,PI534005
SORgSD,PI534006
SORgSD,PI534007
SORgSD,PI534008
SORgSD,PI534010
SORgSD,PI534011
SORgSD,PI534013
SORgSD,PI534014
SORgSD,PI534015
SORgSD,PI534016
SORgSD,PI534017
SORgSD,PI534018
SORgSD,PI534019
SORgSD,PI534020
SORgSD,PI534022
SORgSD,PI534023
SORgSD,PI534024
SORgSD,PI534025
SORgSD,PI534026
SORgSD,PI534027
SORgSD,PI534030
SORgSD,PI534031
SORgSD,PI534032
SORgSD,PI534033
SORgSD,PI534034
SORgSD,PI534035
SORgSD,PI534036
SORgSD,PI534038
SORgSD,PI534040
SORgSD,PI534041
SORgSD,PI534042
SORgSD,PI534043
SORgSD,PI534044
SORgSD,PI534045
SORgSD,PI534049
SORgSD,PI534050
SORgSD,PI534051
SORgSD,PI534052
SORgSD,PI534055
SORgSD,PI534057
SORgSD,PI534058
SORgSD,PI534059
SORgSD,PI534060
SORgSD,PI534061
SORgSD,PI534062
SORgSD,PI534063
SORgSD,PI534065
SORgSD,PI534066
SORgSD,PI534067
SORgSD,PI534069
SORgSD,PI534072
SORgSD,PI534073
SORgSD,PI534074
SORgSD,PI534076
SORgSD,PI534077
SORgSD,PI534078
SORgSD,PI534080
SORgSD,PI534081
SORgSD,PI534082
SORgSD,PI534083
SORgSD,PI534084
SORgSD,PI534085
SORgSD,PI534086
SORgSD,PI534087
SORgSD,PI534089
SORgSD,PI534090
SORgSD,PI534091
SORgSD,PI534093
SORgSD,PI534094
SORgSD,PI534098
SORgSD,PI534100
SORgSD,PI534101
SORgSD,PI534102
SORgSD,PI534103
SORgSD,PI534106
SORgSD,PI534107
SORgSD,PI534108
SORgSD,PI534109
SORgSD,PI534110
SORgSD,PI534111
SORgSD,PI534112
SORgSD,PI534113
SORgSD,PI534118
SORgSD,PI534119
SORgSD,PI534120
SORgSD,PI534121
SORgSD,PI534122
SORgSD,PI534123
SORgSD,PI534124
SORgSD,PI534125
SORgSD,PI534126_1
SORgSD,PI534126_2
SORgSD,PI534127
SORgSD,PI534130
SORgSD,PI534131
SORgSD,PI534132
SORgSD,PI534134
SORgSD,PI534136
SORgSD,PI534140
SORgSD,PI534141
SORgSD,PI534142
SORgSD,PI534143
SORgSD,PI534144
SORgSD,PI534145
SORgSD,PI534146
SORgSD,PI534147
SORgSD,PI534148
SORgSD,PI534149
SORgSD,PI534150
SORgSD,PI534151
SORgSD,PI534152
SORgSD,PI534153
SORgSD,PI534154
SORgSD,PI534156
SORgSD,PI534157
SORgSD,PI534158
SORgSD,PI534159
SORgSD,PI534160
SORgSD,PI534162
SORgSD,PI534164
SORgSD,PI534165
SORgSD,PI534166
SORgSD,PI561472
SORgSD,PI576130
SORgSD,PI576328
SORgSD,PI576329
SORgSD,PI576330
SORgSD,PI576331
SORgSD,PI576334
SORgSD,PI576335
SORgSD,PI576337
SORgSD,PI576338
SORgSD,PI576341
SORgSD,PI576342
SORgSD,PI576343
SORgSD,PI576346
SORgSD,PI576347
SORgSD,PI576348
SORgSD,PI576351
SORgSD,PI576353
SORgSD,PI576354
SORgSD,PI576355
SORgSD,PI576357
SORgSD,PI576358
SORgSD,PI576360
SORgSD,PI576361
SORgSD,PI576362
SORgSD,PI576363
SORgSD,PI576368
SORgSD,PI576369
SORgSD,PI576370
SORgSD,PI576371
SORgSD,PI576372
SORgSD,PI576374
SORgSD,PI576376
SORgSD,PI576377
SORgSD,PI576378
SORgSD,PI576379
SORgSD,PI576382
SORgSD,PI576383
SORgSD,PI576389
SORgSD,PI576392
SORgSD,PI576393
SORgSD,PI576394
SORgSD,PI576395
SORgSD,PI576397
SORgSD,PI576398
SORgSD,PI576400
SORgSD,PI576402
SORgSD,PI576403
SORgSD,PI576404_1
SORgSD,PI576404_2
SORgSD,PI576405
SORgSD,PI576406
SORgSD,PI576407
SORgSD,PI576408
SORgSD,PI576409
SORgSD,PI576410
SORgSD,PI576411_1
SORgSD,PI576411_2
SORgSD,PI576412
SORgSD,PI576413
SORgSD,PI576414
SORgSD,PI576415
SORgSD,PI576416
SORgSD,PI576416_1
SORgSD,PI576417
SORgSD,PI576419
SORgSD,PI576420
SORgSD,PI576421
SORgSD,PI576423
SORgSD,PI576424
SORgSD,PI576425
SORgSD,PI576427
SORgSD,PI576429
SORgSD,PI576430
SORgSD,PI576431
SORgSD,PI576432
SORgSD,PI576433
SORgSD,PI576436
SORgSD,PI595700
SORgSD,PI595701
SORgSD,PI595703
SORgSD,PI595704
SORgSD,PI595705
SORgSD,PI595706
SORgSD,PI595708
SORgSD,PI595709
SORgSD,PI595710
SORgSD,PI595711
SORgSD,PI595712
SORgSD,PI595713
SORgSD,PI595715
SORgSD,PI595716
SORgSD,PI595717
SORgSD,PI595719
SORgSD,PI595721
SORgSD,PI595722
SORgSD,PI595723
SORgSD,PI595724
SORgSD,PI595725
SORgSD,PI595726
SORgSD,PI595727
SORgSD,PI595728
SORgSD,PI595729
SORgSD,PI595730
SORgSD,PI595731
SORgSD,PI595732
SORgSD,PI595733
SORgSD,PI595734
SORgSD,PI595735
SORgSD,PI595736
SORgSD,PI595737
SORgSD,PI595738
SORgSD,PI595740
SORgSD,PI595742
SORgSD,PI595743
SORgSD,PI595746
SORgSD,PI595747
SORgSD,PI595748
SORgSD,PI597943
SORgSD,PI597944
SORgSD,PI597945
SORgSD,PI597947
SORgSD,PI597950
SORgSD,PI597952
SORgSD,PI597953
SORgSD,PI597955
SORgSD,PI597956
SORgSD,PI597957
SORgSD,PI597959
SORgSD,PI597962
SORgSD,PI597963
SORgSD,PI597970
SORgSD,PI597974
SORgSD,PI597975
SORgSD,PI597977
SORgSD,PI597978
SORgSD,PI597979
SORgSD,PI597981
SORgSD,PI598070
SORgSD,PI641824
SORgSD,PI641874
SORgSD,PI653617
SORgSD,PI655973
SORgSD,PI655991
SORgSD,PI655992
SORgSD,PI655998
SORgSD,PI656022
SORgSD,PI656026
SORgSD,PI656034
SORgSD,PI656038
SORgSD,PI656039
SORgSD,PI656049
SORgSD,PI656052
SORgSD,PI656057
SORgSD,PI656073
SORgSD,PI656077
SORgSD,PI656081
SORgSD,PI656082
SORgSD,PI656083
SORgSD,PI656085
SORgSD,PI656091
SORgSD,PI656093
SORgSD,PI656094
SORgSD,PI656104
SORgSD,PI656107
SORgSD,PI656119
SORgSD,PI659691
SORgSD,SC0003
SORgSD,SC0027
SORgSD,SC0041
SORgSD,SC0092
SORgSD,SC0138
SORgSD,SC0150
SORgSD,SC0156
SORgSD,SC0157
SORgSD,SC0159
SORgSD,SC0178
SORgSD,SC0179
SORgSD,SC0191
SORgSD,SC0201
SORgSD,SC0235
SORgSD,SC0236
SORgSD,SC0247
SORgSD,SC0249
SORgSD,SC0263
SORgSD,SC0266
SORgSD,SC0276
SORgSD,SC0287
SORgSD,SC0297
SORgSD,SC0314
SORgSD,SC0343
SORgSD,SC0371
SORgSD,SC0400
SORgSD,SC0409
SORgSD,SC0412
SORgSD,SC0436
SORgSD,SC0438
SORgSD,SC0445
SORgSD,SC0448
SORgSD,SC0456
SORgSD,SC0458
SORgSD,SC0463
SORgSD,SC0470
SORgSD,SC0479
SORgSD,SC0505
SORgSD,SC0517
SORgSD,SC0521
SORgSD,SC0540
SORgSD,SC0542
SORgSD,SC0547
SORgSD,SC0550
SORgSD,SC0551
SORgSD,SC0556
SORgSD,SC0581
SORgSD,SC0582
SORgSD,SC0602
SORgSD,SC0604
SORgSD,SC0615
SORgSD,SC0616
SORgSD,SC0618
SORgSD,SC0631
SORgSD,SC0636
SORgSD,SC0652
SORgSD,SC0685
SORgSD,SC0713
SORgSD,SC0741
SORgSD,SC0747
SORgSD,SC0753
SORgSD,SC0759
SORgSD,SC0777
SORgSD,SC0814
SORgSD,SC0823
SORgSD,SC0834
SORgSD,SC0837
SORgSD,SC0847
SORgSD,SC0848
SORgSD,SC0854
SORgSD,SC0858
SORgSD,SC0860
SORgSD,SC0864
SORgSD,SC0868
SORgSD,SC0870
SORgSD,SC0871
SORgSD,SC0877
SORgSD,SC0878
SORgSD,SC0893
SORgSD,SC0895
SORgSD,SC0914
SORgSD,SC0921
SORgSD,SC0923
SORgSD,SC0965
SORgSD,SC0999
SORgSD,SC1021
SORgSD,SC1023
SORgSD,SC1024
SORgSD,SC1058
SORgSD,SC1082
SORgSD,SC1097
SORgSD,SC1107
SORgSD,SC1114
SORgSD,SC1119
SORgSD,SC1120
SORgSD,SC1133
SORgSD,SC1166
SORgSD,SC1170
SORgSD,SC1178
SORgSD,SC1193
SORgSD,SC1216
SORgSD,SC1442
SORgSD,SC1446
