BTx643	/work/jyanglab/subhash/BQSR/gvcf/BTx643.g.vcf.gz
BTx645	/work/jyanglab/subhash/BQSR/gvcf/BTx645.g.vcf.gz
ExPVP_PI543243	/work/jyanglab/subhash/ex_pvp/BQSR_ex_pvp/gvcf/ExPVP_PI543243.g.vcf.gz
ExPVP_PI543247	/work/jyanglab/subhash/ex_pvp/BQSR_ex_pvp/gvcf/ExPVP_PI543247.g.vcf.gz
ExPVP_PI544069	/work/jyanglab/subhash/ex_pvp/BQSR_ex_pvp/gvcf/ExPVP_PI544069.g.vcf.gz
ExPVP_PI554646	/work/jyanglab/subhash/ex_pvp/BQSR_ex_pvp/gvcf/ExPVP_PI554646.g.vcf.gz
ExPVP_PI554647	/work/jyanglab/subhash/ex_pvp/BQSR_ex_pvp/gvcf/ExPVP_PI554647.g.vcf.gz
ExPVP_PI554648	/work/jyanglab/subhash/ex_pvp/BQSR_ex_pvp/gvcf/ExPVP_PI554648.g.vcf.gz
ExPVP_PI554649	/work/jyanglab/subhash/ex_pvp/BQSR_ex_pvp/gvcf/ExPVP_PI554649.g.vcf.gz
ExPVP_PI554650	/work/jyanglab/subhash/ex_pvp/BQSR_ex_pvp/gvcf/ExPVP_PI554650.g.vcf.gz
ExPVP_PI554652	/work/jyanglab/subhash/ex_pvp/BQSR_ex_pvp/gvcf/ExPVP_PI554652.g.vcf.gz
ExPVP_PI554654	/work/jyanglab/subhash/ex_pvp/BQSR_ex_pvp/gvcf/ExPVP_PI554654.g.vcf.gz
ExPVP_PI555457	/work/jyanglab/subhash/ex_pvp/BQSR_ex_pvp/gvcf/ExPVP_PI555457.g.vcf.gz
ExPVP_PI561926	/work/jyanglab/subhash/ex_pvp/BQSR_ex_pvp/gvcf/ExPVP_PI561926.g.vcf.gz
ExPVP_PI562621	/work/jyanglab/subhash/ex_pvp/BQSR_ex_pvp/gvcf/ExPVP_PI562621.g.vcf.gz
ExPVP_PI562622	/work/jyanglab/subhash/ex_pvp/BQSR_ex_pvp/gvcf/ExPVP_PI562622.g.vcf.gz
ExPVP_PI562623	/work/jyanglab/subhash/ex_pvp/BQSR_ex_pvp/gvcf/ExPVP_PI562623.g.vcf.gz
ExPVP_PI562624	/work/jyanglab/subhash/ex_pvp/BQSR_ex_pvp/gvcf/ExPVP_PI562624.g.vcf.gz
ExPVP_PI562625	/work/jyanglab/subhash/ex_pvp/BQSR_ex_pvp/gvcf/ExPVP_PI562625.g.vcf.gz
ExPVP_PI564085	/work/jyanglab/subhash/ex_pvp/BQSR_ex_pvp/gvcf/ExPVP_PI564085.g.vcf.gz
ExPVP_PI574398	/work/jyanglab/subhash/ex_pvp/BQSR_ex_pvp/gvcf/ExPVP_PI574398.g.vcf.gz
ExPVP_PI574406	/work/jyanglab/subhash/ex_pvp/BQSR_ex_pvp/gvcf/ExPVP_PI574406.g.vcf.gz
ExPVP_PI574407	/work/jyanglab/subhash/ex_pvp/BQSR_ex_pvp/gvcf/ExPVP_PI574407.g.vcf.gz
ExPVP_PI594354	/work/jyanglab/subhash/ex_pvp/BQSR_ex_pvp/gvcf/ExPVP_PI594354.g.vcf.gz
ExPVP_PI594355	/work/jyanglab/subhash/ex_pvp/BQSR_ex_pvp/gvcf/ExPVP_PI594355.g.vcf.gz
ExPVP_PI595221	/work/jyanglab/subhash/ex_pvp/BQSR_ex_pvp/gvcf/ExPVP_PI595221.g.vcf.gz
ExPVP_PI596332	/work/jyanglab/subhash/ex_pvp/BQSR_ex_pvp/gvcf/ExPVP_PI596332.g.vcf.gz
ExPVP_PI596567	/work/jyanglab/subhash/ex_pvp/BQSR_ex_pvp/gvcf/ExPVP_PI596567.g.vcf.gz
ExPVP_PI601264	/work/jyanglab/subhash/ex_pvp/BQSR_ex_pvp/gvcf/ExPVP_PI601264.g.vcf.gz
ExPVP_PI601415	/work/jyanglab/subhash/ex_pvp/BQSR_ex_pvp/gvcf/ExPVP_PI601415.g.vcf.gz
ExPVP_PI601552	/work/jyanglab/subhash/ex_pvp/BQSR_ex_pvp/gvcf/ExPVP_PI601552.g.vcf.gz
ExPVP_PI601553	/work/jyanglab/subhash/ex_pvp/BQSR_ex_pvp/gvcf/ExPVP_PI601553.g.vcf.gz
ExPVP_PI601554	/work/jyanglab/subhash/ex_pvp/BQSR_ex_pvp/gvcf/ExPVP_PI601554.g.vcf.gz
ExPVP_PI601555	/work/jyanglab/subhash/ex_pvp/BQSR_ex_pvp/gvcf/ExPVP_PI601555.g.vcf.gz
ExPVP_PI601556	/work/jyanglab/subhash/ex_pvp/BQSR_ex_pvp/gvcf/ExPVP_PI601556.g.vcf.gz
ExPVP_PI601557	/work/jyanglab/subhash/ex_pvp/BQSR_ex_pvp/gvcf/ExPVP_PI601557.g.vcf.gz
ExPVP_PI601716	/work/jyanglab/subhash/ex_pvp/BQSR_ex_pvp/gvcf/ExPVP_PI601716.g.vcf.gz
ExPVP_PI601717	/work/jyanglab/subhash/ex_pvp/BQSR_ex_pvp/gvcf/ExPVP_PI601717.g.vcf.gz
ExPVP_PI601718	/work/jyanglab/subhash/ex_pvp/BQSR_ex_pvp/gvcf/ExPVP_PI601718.g.vcf.gz
ExPVP_PI601719	/work/jyanglab/subhash/ex_pvp/BQSR_ex_pvp/gvcf/ExPVP_PI601719.g.vcf.gz
ExPVP_PI601720	/work/jyanglab/subhash/ex_pvp/BQSR_ex_pvp/gvcf/ExPVP_PI601720.g.vcf.gz
ExPVP_PI601721	/work/jyanglab/subhash/ex_pvp/BQSR_ex_pvp/gvcf/ExPVP_PI601721.g.vcf.gz
ExPVP_PI601743	/work/jyanglab/subhash/ex_pvp/BQSR_ex_pvp/gvcf/ExPVP_PI601743.g.vcf.gz
ExPVP_PI601744	/work/jyanglab/subhash/ex_pvp/BQSR_ex_pvp/gvcf/ExPVP_PI601744.g.vcf.gz
ExPVP_PI601756	/work/jyanglab/subhash/ex_pvp/BQSR_ex_pvp/gvcf/ExPVP_PI601756.g.vcf.gz
ExPVP_PI602599	/work/jyanglab/subhash/ex_pvp/BQSR_ex_pvp/gvcf/ExPVP_PI602599.g.vcf.gz
ExPVP_PI602600	/work/jyanglab/subhash/ex_pvp/BQSR_ex_pvp/gvcf/ExPVP_PI602600.g.vcf.gz
PI152651	/work/jyanglab/subhash/BQSR/gvcf/PI152651.g.vcf.gz
PI153844	/work/jyanglab/subhash/BQSR/gvcf/PI153844.g.vcf.gz
PI153846	/work/jyanglab/subhash/BQSR/gvcf/PI153846.g.vcf.gz
PI17548	/work/jyanglab/subhash/BQSR/gvcf/PI17548.g.vcf.gz
PI22326	/work/jyanglab/subhash/BQSR/gvcf/PI22326.g.vcf.gz
PI24969	/work/jyanglab/subhash/BQSR/gvcf/PI24969.g.vcf.gz
PI276837	/work/jyanglab/subhash/BQSR/gvcf/PI276837.g.vcf.gz
PI329435	/work/jyanglab/subhash/BQSR/gvcf/PI329435.g.vcf.gz
PI329440	/work/jyanglab/subhash/BQSR/gvcf/PI329440.g.vcf.gz
PI34911	/work/jyanglab/subhash/BQSR/gvcf/PI34911.g.vcf.gz
PI35038	/work/jyanglab/subhash/BQSR/gvcf/PI35038.g.vcf.gz
PI48770	/work/jyanglab/subhash/BQSR/gvcf/PI48770.g.vcf.gz
PI533745	/work/jyanglab/subhash/BQSR/gvcf/PI533745.g.vcf.gz
PI533746	/work/jyanglab/subhash/BQSR/gvcf/PI533746.g.vcf.gz
PI533747	/work/jyanglab/subhash/BQSR/gvcf/PI533747.g.vcf.gz
PI533749	/work/jyanglab/subhash/BQSR/gvcf/PI533749.g.vcf.gz
PI533750	/work/jyanglab/subhash/BQSR/gvcf/PI533750.g.vcf.gz
PI533751	/work/jyanglab/subhash/BQSR/gvcf/PI533751.g.vcf.gz
PI533752	/work/jyanglab/subhash/BQSR/gvcf/PI533752.g.vcf.gz
PI533753	/work/jyanglab/subhash/BQSR/gvcf/PI533753.g.vcf.gz
PI533754	/work/jyanglab/subhash/BQSR/gvcf/PI533754.g.vcf.gz
PI533755	/work/jyanglab/subhash/BQSR/gvcf/PI533755.g.vcf.gz
PI533756	/work/jyanglab/subhash/BQSR/gvcf/PI533756.g.vcf.gz
PI533757	/work/jyanglab/subhash/BQSR/gvcf/PI533757.g.vcf.gz
PI533758	/work/jyanglab/subhash/BQSR/gvcf/PI533758.g.vcf.gz
PI533759	/work/jyanglab/subhash/BQSR/gvcf/PI533759.g.vcf.gz
PI533760	/work/jyanglab/subhash/BQSR/gvcf/PI533760.g.vcf.gz
PI533761	/work/jyanglab/subhash/BQSR/gvcf/PI533761.g.vcf.gz
PI533762	/work/jyanglab/subhash/BQSR/gvcf/PI533762.g.vcf.gz
PI533763	/work/jyanglab/subhash/BQSR/gvcf/PI533763.g.vcf.gz
PI533764	/work/jyanglab/subhash/BQSR/gvcf/PI533764.g.vcf.gz
PI533765	/work/jyanglab/subhash/BQSR/gvcf/PI533765.g.vcf.gz
PI533766	/work/jyanglab/subhash/BQSR/gvcf/PI533766.g.vcf.gz
PI533768	/work/jyanglab/subhash/BQSR/gvcf/PI533768.g.vcf.gz
PI533769	/work/jyanglab/subhash/BQSR/gvcf/PI533769.g.vcf.gz
PI533770	/work/jyanglab/subhash/BQSR/gvcf/PI533770.g.vcf.gz
PI533771	/work/jyanglab/subhash/BQSR/gvcf/PI533771.g.vcf.gz
PI533772	/work/jyanglab/subhash/BQSR/gvcf/PI533772.g.vcf.gz
PI533774	/work/jyanglab/subhash/BQSR/gvcf/PI533774.g.vcf.gz
PI533775	/work/jyanglab/subhash/BQSR/gvcf/PI533775.g.vcf.gz
PI533776	/work/jyanglab/subhash/BQSR/gvcf/PI533776.g.vcf.gz
PI533777	/work/jyanglab/subhash/BQSR/gvcf/PI533777.g.vcf.gz
PI533778	/work/jyanglab/subhash/BQSR/gvcf/PI533778.g.vcf.gz
PI533779	/work/jyanglab/subhash/BQSR/gvcf/PI533779.g.vcf.gz
PI533780	/work/jyanglab/subhash/BQSR/gvcf/PI533780.g.vcf.gz
PI533781	/work/jyanglab/subhash/BQSR/gvcf/PI533781.g.vcf.gz
PI533782	/work/jyanglab/subhash/BQSR/gvcf/PI533782.g.vcf.gz
PI533783	/work/jyanglab/subhash/BQSR/gvcf/PI533783.g.vcf.gz
PI533784	/work/jyanglab/subhash/BQSR/gvcf/PI533784.g.vcf.gz
PI533785	/work/jyanglab/subhash/BQSR/gvcf/PI533785.g.vcf.gz
PI533786	/work/jyanglab/subhash/BQSR/gvcf/PI533786.g.vcf.gz
PI533787	/work/jyanglab/subhash/BQSR/gvcf/PI533787.g.vcf.gz
PI533788	/work/jyanglab/subhash/BQSR/gvcf/PI533788.g.vcf.gz
PI533789	/work/jyanglab/subhash/BQSR/gvcf/PI533789.g.vcf.gz
PI533790	/work/jyanglab/subhash/BQSR/gvcf/PI533790.g.vcf.gz
PI533791	/work/jyanglab/subhash/BQSR/gvcf/PI533791.g.vcf.gz
PI533792	/work/jyanglab/subhash/BQSR/gvcf/PI533792.g.vcf.gz
PI533793	/work/jyanglab/subhash/BQSR/gvcf/PI533793.g.vcf.gz
PI533794	/work/jyanglab/subhash/BQSR/gvcf/PI533794.g.vcf.gz
PI533795	/work/jyanglab/subhash/BQSR/gvcf/PI533795.g.vcf.gz
PI533797	/work/jyanglab/subhash/BQSR/gvcf/PI533797.g.vcf.gz
PI533798	/work/jyanglab/subhash/BQSR/gvcf/PI533798.g.vcf.gz
PI533799	/work/jyanglab/subhash/BQSR/gvcf/PI533799.g.vcf.gz
PI533800	/work/jyanglab/subhash/BQSR/gvcf/PI533800.g.vcf.gz
PI533802	/work/jyanglab/subhash/BQSR/gvcf/PI533802.g.vcf.gz
PI533803	/work/jyanglab/subhash/BQSR/gvcf/PI533803.g.vcf.gz
PI533804	/work/jyanglab/subhash/BQSR/gvcf/PI533804.g.vcf.gz
PI533807	/work/jyanglab/subhash/BQSR/gvcf/PI533807.g.vcf.gz
PI533808	/work/jyanglab/subhash/BQSR/gvcf/PI533808.g.vcf.gz
PI533809	/work/jyanglab/subhash/BQSR/gvcf/PI533809.g.vcf.gz
PI533810	/work/jyanglab/subhash/BQSR/gvcf/PI533810.g.vcf.gz
PI533811	/work/jyanglab/subhash/BQSR/gvcf/PI533811.g.vcf.gz
PI533812	/work/jyanglab/subhash/BQSR/gvcf/PI533812.g.vcf.gz
PI533813	/work/jyanglab/subhash/BQSR/gvcf/PI533813.g.vcf.gz
PI533814	/work/jyanglab/subhash/BQSR/gvcf/PI533814.g.vcf.gz
PI533816_1	/work/jyanglab/subhash/BQSR/gvcf/PI533816_1.g.vcf.gz
PI533816_2	/work/jyanglab/subhash/BQSR/gvcf/PI533816_2.g.vcf.gz
PI533818	/work/jyanglab/subhash/BQSR/gvcf/PI533818.g.vcf.gz
PI533819	/work/jyanglab/subhash/BQSR/gvcf/PI533819.g.vcf.gz
PI533820	/work/jyanglab/subhash/BQSR/gvcf/PI533820.g.vcf.gz
PI533821	/work/jyanglab/subhash/BQSR/gvcf/PI533821.g.vcf.gz
PI533822	/work/jyanglab/subhash/BQSR/gvcf/PI533822.g.vcf.gz
PI533823	/work/jyanglab/subhash/BQSR/gvcf/PI533823.g.vcf.gz
PI533824	/work/jyanglab/subhash/BQSR/gvcf/PI533824.g.vcf.gz
PI533825	/work/jyanglab/subhash/BQSR/gvcf/PI533825.g.vcf.gz
PI533828	/work/jyanglab/subhash/BQSR/gvcf/PI533828.g.vcf.gz
PI533829	/work/jyanglab/subhash/BQSR/gvcf/PI533829.g.vcf.gz
PI533830	/work/jyanglab/subhash/BQSR/gvcf/PI533830.g.vcf.gz
PI533831	/work/jyanglab/subhash/BQSR/gvcf/PI533831.g.vcf.gz
PI533832	/work/jyanglab/subhash/BQSR/gvcf/PI533832.g.vcf.gz
PI533833	/work/jyanglab/subhash/BQSR/gvcf/PI533833.g.vcf.gz
PI533834	/work/jyanglab/subhash/BQSR/gvcf/PI533834.g.vcf.gz
PI533835	/work/jyanglab/subhash/BQSR/gvcf/PI533835.g.vcf.gz
PI533836	/work/jyanglab/subhash/BQSR/gvcf/PI533836.g.vcf.gz
PI533837	/work/jyanglab/subhash/BQSR/gvcf/PI533837.g.vcf.gz
PI533838	/work/jyanglab/subhash/BQSR/gvcf/PI533838.g.vcf.gz
PI533839	/work/jyanglab/subhash/BQSR/gvcf/PI533839.g.vcf.gz
PI533840	/work/jyanglab/subhash/BQSR/gvcf/PI533840.g.vcf.gz
PI533841	/work/jyanglab/subhash/BQSR/gvcf/PI533841.g.vcf.gz
PI533842	/work/jyanglab/subhash/BQSR/gvcf/PI533842.g.vcf.gz
PI533843	/work/jyanglab/subhash/BQSR/gvcf/PI533843.g.vcf.gz
PI533844	/work/jyanglab/subhash/BQSR/gvcf/PI533844.g.vcf.gz
PI533846	/work/jyanglab/subhash/BQSR/gvcf/PI533846.g.vcf.gz
PI533847	/work/jyanglab/subhash/BQSR/gvcf/PI533847.g.vcf.gz
PI533848	/work/jyanglab/subhash/BQSR/gvcf/PI533848.g.vcf.gz
PI533849	/work/jyanglab/subhash/BQSR/gvcf/PI533849.g.vcf.gz
PI533850	/work/jyanglab/subhash/BQSR/gvcf/PI533850.g.vcf.gz
PI533851	/work/jyanglab/subhash/BQSR/gvcf/PI533851.g.vcf.gz
PI533852	/work/jyanglab/subhash/BQSR/gvcf/PI533852.g.vcf.gz
PI533853	/work/jyanglab/subhash/BQSR/gvcf/PI533853.g.vcf.gz
PI533854	/work/jyanglab/subhash/BQSR/gvcf/PI533854.g.vcf.gz
PI533855	/work/jyanglab/subhash/BQSR/gvcf/PI533855.g.vcf.gz
PI533856	/work/jyanglab/subhash/BQSR/gvcf/PI533856.g.vcf.gz
PI533857	/work/jyanglab/subhash/BQSR/gvcf/PI533857.g.vcf.gz
PI533858	/work/jyanglab/subhash/BQSR/gvcf/PI533858.g.vcf.gz
PI533859	/work/jyanglab/subhash/BQSR/gvcf/PI533859.g.vcf.gz
PI533860	/work/jyanglab/subhash/BQSR/gvcf/PI533860.g.vcf.gz
PI533861	/work/jyanglab/subhash/BQSR/gvcf/PI533861.g.vcf.gz
PI533862	/work/jyanglab/subhash/BQSR/gvcf/PI533862.g.vcf.gz
PI533863	/work/jyanglab/subhash/BQSR/gvcf/PI533863.g.vcf.gz
PI533864	/work/jyanglab/subhash/BQSR/gvcf/PI533864.g.vcf.gz
PI533866	/work/jyanglab/subhash/BQSR/gvcf/PI533866.g.vcf.gz
PI533867	/work/jyanglab/subhash/BQSR/gvcf/PI533867.g.vcf.gz
PI533869	/work/jyanglab/subhash/BQSR/gvcf/PI533869.g.vcf.gz
PI533870	/work/jyanglab/subhash/BQSR/gvcf/PI533870.g.vcf.gz
PI533871	/work/jyanglab/subhash/BQSR/gvcf/PI533871.g.vcf.gz
PI533872	/work/jyanglab/subhash/BQSR/gvcf/PI533872.g.vcf.gz
PI533873	/work/jyanglab/subhash/BQSR/gvcf/PI533873.g.vcf.gz
PI533874	/work/jyanglab/subhash/BQSR/gvcf/PI533874.g.vcf.gz
PI533876	/work/jyanglab/subhash/BQSR/gvcf/PI533876.g.vcf.gz
PI533877	/work/jyanglab/subhash/BQSR/gvcf/PI533877.g.vcf.gz
PI533878	/work/jyanglab/subhash/BQSR/gvcf/PI533878.g.vcf.gz
PI533879	/work/jyanglab/subhash/BQSR/gvcf/PI533879.g.vcf.gz
PI533880	/work/jyanglab/subhash/BQSR/gvcf/PI533880.g.vcf.gz
PI533881	/work/jyanglab/subhash/BQSR/gvcf/PI533881.g.vcf.gz
PI533882	/work/jyanglab/subhash/BQSR/gvcf/PI533882.g.vcf.gz
PI533884	/work/jyanglab/subhash/BQSR/gvcf/PI533884.g.vcf.gz
PI533885	/work/jyanglab/subhash/BQSR/gvcf/PI533885.g.vcf.gz
PI533887	/work/jyanglab/subhash/BQSR/gvcf/PI533887.g.vcf.gz
PI533888	/work/jyanglab/subhash/BQSR/gvcf/PI533888.g.vcf.gz
PI533893	/work/jyanglab/subhash/BQSR/gvcf/PI533893.g.vcf.gz
PI533894	/work/jyanglab/subhash/BQSR/gvcf/PI533894.g.vcf.gz
PI533895	/work/jyanglab/subhash/BQSR/gvcf/PI533895.g.vcf.gz
PI533897	/work/jyanglab/subhash/BQSR/gvcf/PI533897.g.vcf.gz
PI533898	/work/jyanglab/subhash/BQSR/gvcf/PI533898.g.vcf.gz
PI533899	/work/jyanglab/subhash/BQSR/gvcf/PI533899.g.vcf.gz
PI533900	/work/jyanglab/subhash/BQSR/gvcf/PI533900.g.vcf.gz
PI533901	/work/jyanglab/subhash/BQSR/gvcf/PI533901.g.vcf.gz
PI533902	/work/jyanglab/subhash/BQSR/gvcf/PI533902.g.vcf.gz
PI533903	/work/jyanglab/subhash/BQSR/gvcf/PI533903.g.vcf.gz
PI533904	/work/jyanglab/subhash/BQSR/gvcf/PI533904.g.vcf.gz
PI533905_1	/work/jyanglab/subhash/BQSR/gvcf/PI533905_1.g.vcf.gz
PI533905_2	/work/jyanglab/subhash/BQSR/gvcf/PI533905_2.g.vcf.gz
PI533906	/work/jyanglab/subhash/BQSR/gvcf/PI533906.g.vcf.gz
PI533907	/work/jyanglab/subhash/BQSR/gvcf/PI533907.g.vcf.gz
PI533908	/work/jyanglab/subhash/BQSR/gvcf/PI533908.g.vcf.gz
PI533909	/work/jyanglab/subhash/BQSR/gvcf/PI533909.g.vcf.gz
PI533910	/work/jyanglab/subhash/BQSR/gvcf/PI533910.g.vcf.gz
PI533911	/work/jyanglab/subhash/BQSR/gvcf/PI533911.g.vcf.gz
PI533912	/work/jyanglab/subhash/BQSR/gvcf/PI533912.g.vcf.gz
PI533913	/work/jyanglab/subhash/BQSR/gvcf/PI533913.g.vcf.gz
PI533914	/work/jyanglab/subhash/BQSR/gvcf/PI533914.g.vcf.gz
PI533915	/work/jyanglab/subhash/BQSR/gvcf/PI533915.g.vcf.gz
PI533916	/work/jyanglab/subhash/BQSR/gvcf/PI533916.g.vcf.gz
PI533917	/work/jyanglab/subhash/BQSR/gvcf/PI533917.g.vcf.gz
PI533918	/work/jyanglab/subhash/BQSR/gvcf/PI533918.g.vcf.gz
PI533919	/work/jyanglab/subhash/BQSR/gvcf/PI533919.g.vcf.gz
PI533920	/work/jyanglab/subhash/BQSR/gvcf/PI533920.g.vcf.gz
PI533921	/work/jyanglab/subhash/BQSR/gvcf/PI533921.g.vcf.gz
PI533922	/work/jyanglab/subhash/BQSR/gvcf/PI533922.g.vcf.gz
PI533923	/work/jyanglab/subhash/BQSR/gvcf/PI533923.g.vcf.gz
PI533924	/work/jyanglab/subhash/BQSR/gvcf/PI533924.g.vcf.gz
PI533925	/work/jyanglab/subhash/BQSR/gvcf/PI533925.g.vcf.gz
PI533926	/work/jyanglab/subhash/BQSR/gvcf/PI533926.g.vcf.gz
PI533927	/work/jyanglab/subhash/BQSR/gvcf/PI533927.g.vcf.gz
PI533928	/work/jyanglab/subhash/BQSR/gvcf/PI533928.g.vcf.gz
PI533929	/work/jyanglab/subhash/BQSR/gvcf/PI533929.g.vcf.gz
PI533930	/work/jyanglab/subhash/BQSR/gvcf/PI533930.g.vcf.gz
PI533931	/work/jyanglab/subhash/BQSR/gvcf/PI533931.g.vcf.gz
PI533932	/work/jyanglab/subhash/BQSR/gvcf/PI533932.g.vcf.gz
PI533934	/work/jyanglab/subhash/BQSR/gvcf/PI533934.g.vcf.gz
PI533935	/work/jyanglab/subhash/BQSR/gvcf/PI533935.g.vcf.gz
PI533936	/work/jyanglab/subhash/BQSR/gvcf/PI533936.g.vcf.gz
PI533937	/work/jyanglab/subhash/BQSR/gvcf/PI533937.g.vcf.gz
PI533938	/work/jyanglab/subhash/BQSR/gvcf/PI533938.g.vcf.gz
PI533939	/work/jyanglab/subhash/BQSR/gvcf/PI533939.g.vcf.gz
PI533940	/work/jyanglab/subhash/BQSR/gvcf/PI533940.g.vcf.gz
PI533941	/work/jyanglab/subhash/BQSR/gvcf/PI533941.g.vcf.gz
PI533942	/work/jyanglab/subhash/BQSR/gvcf/PI533942.g.vcf.gz
PI533943	/work/jyanglab/subhash/BQSR/gvcf/PI533943.g.vcf.gz
PI533944	/work/jyanglab/subhash/BQSR/gvcf/PI533944.g.vcf.gz
PI533946	/work/jyanglab/subhash/BQSR/gvcf/PI533946.g.vcf.gz
PI533947	/work/jyanglab/subhash/BQSR/gvcf/PI533947.g.vcf.gz
PI533948	/work/jyanglab/subhash/BQSR/gvcf/PI533948.g.vcf.gz
PI533949	/work/jyanglab/subhash/BQSR/gvcf/PI533949.g.vcf.gz
PI533950	/work/jyanglab/subhash/BQSR/gvcf/PI533950.g.vcf.gz
PI533951	/work/jyanglab/subhash/BQSR/gvcf/PI533951.g.vcf.gz
PI533952	/work/jyanglab/subhash/BQSR/gvcf/PI533952.g.vcf.gz
PI533953	/work/jyanglab/subhash/BQSR/gvcf/PI533953.g.vcf.gz
PI533954	/work/jyanglab/subhash/BQSR/gvcf/PI533954.g.vcf.gz
PI533955	/work/jyanglab/subhash/BQSR/gvcf/PI533955.g.vcf.gz
PI533956	/work/jyanglab/subhash/BQSR/gvcf/PI533956.g.vcf.gz
PI533957	/work/jyanglab/subhash/BQSR/gvcf/PI533957.g.vcf.gz
PI533958	/work/jyanglab/subhash/BQSR/gvcf/PI533958.g.vcf.gz
PI533959	/work/jyanglab/subhash/BQSR/gvcf/PI533959.g.vcf.gz
PI533960	/work/jyanglab/subhash/BQSR/gvcf/PI533960.g.vcf.gz
PI533961	/work/jyanglab/subhash/BQSR/gvcf/PI533961.g.vcf.gz
PI533962	/work/jyanglab/subhash/BQSR/gvcf/PI533962.g.vcf.gz
PI533963	/work/jyanglab/subhash/BQSR/gvcf/PI533963.g.vcf.gz
PI533964	/work/jyanglab/subhash/BQSR/gvcf/PI533964.g.vcf.gz
PI533965	/work/jyanglab/subhash/BQSR/gvcf/PI533965.g.vcf.gz
PI533966	/work/jyanglab/subhash/BQSR/gvcf/PI533966.g.vcf.gz
PI533967	/work/jyanglab/subhash/BQSR/gvcf/PI533967.g.vcf.gz
PI533968	/work/jyanglab/subhash/BQSR/gvcf/PI533968.g.vcf.gz
PI533969	/work/jyanglab/subhash/BQSR/gvcf/PI533969.g.vcf.gz
PI533970	/work/jyanglab/subhash/BQSR/gvcf/PI533970.g.vcf.gz
PI533971	/work/jyanglab/subhash/BQSR/gvcf/PI533971.g.vcf.gz
PI533972	/work/jyanglab/subhash/BQSR/gvcf/PI533972.g.vcf.gz
PI533973	/work/jyanglab/subhash/BQSR/gvcf/PI533973.g.vcf.gz
PI533974	/work/jyanglab/subhash/BQSR/gvcf/PI533974.g.vcf.gz
PI533975	/work/jyanglab/subhash/BQSR/gvcf/PI533975.g.vcf.gz
PI533976	/work/jyanglab/subhash/BQSR/gvcf/PI533976.g.vcf.gz
PI533977	/work/jyanglab/subhash/BQSR/gvcf/PI533977.g.vcf.gz
PI533978	/work/jyanglab/subhash/BQSR/gvcf/PI533978.g.vcf.gz
PI533979	/work/jyanglab/subhash/BQSR/gvcf/PI533979.g.vcf.gz
PI533980	/work/jyanglab/subhash/BQSR/gvcf/PI533980.g.vcf.gz
PI533981	/work/jyanglab/subhash/BQSR/gvcf/PI533981.g.vcf.gz
PI533982	/work/jyanglab/subhash/BQSR/gvcf/PI533982.g.vcf.gz
PI533983	/work/jyanglab/subhash/BQSR/gvcf/PI533983.g.vcf.gz
PI533984	/work/jyanglab/subhash/BQSR/gvcf/PI533984.g.vcf.gz
PI533985	/work/jyanglab/subhash/BQSR/gvcf/PI533985.g.vcf.gz
PI533986	/work/jyanglab/subhash/BQSR/gvcf/PI533986.g.vcf.gz
PI533987	/work/jyanglab/subhash/BQSR/gvcf/PI533987.g.vcf.gz
PI533988	/work/jyanglab/subhash/BQSR/gvcf/PI533988.g.vcf.gz
PI533989	/work/jyanglab/subhash/BQSR/gvcf/PI533989.g.vcf.gz
PI533990	/work/jyanglab/subhash/BQSR/gvcf/PI533990.g.vcf.gz
PI533991	/work/jyanglab/subhash/BQSR/gvcf/PI533991.g.vcf.gz
PI533992	/work/jyanglab/subhash/BQSR/gvcf/PI533992.g.vcf.gz
PI533993	/work/jyanglab/subhash/BQSR/gvcf/PI533993.g.vcf.gz
PI533994	/work/jyanglab/subhash/BQSR/gvcf/PI533994.g.vcf.gz
PI533995	/work/jyanglab/subhash/BQSR/gvcf/PI533995.g.vcf.gz
PI533996	/work/jyanglab/subhash/BQSR/gvcf/PI533996.g.vcf.gz
PI533997	/work/jyanglab/subhash/BQSR/gvcf/PI533997.g.vcf.gz
PI533999	/work/jyanglab/subhash/BQSR/gvcf/PI533999.g.vcf.gz
PI534001	/work/jyanglab/subhash/BQSR/gvcf/PI534001.g.vcf.gz
PI534002	/work/jyanglab/subhash/BQSR/gvcf/PI534002.g.vcf.gz
PI534004	/work/jyanglab/subhash/BQSR/gvcf/PI534004.g.vcf.gz
PI534005	/work/jyanglab/subhash/BQSR/gvcf/PI534005.g.vcf.gz
PI534006	/work/jyanglab/subhash/BQSR/gvcf/PI534006.g.vcf.gz
PI534007	/work/jyanglab/subhash/BQSR/gvcf/PI534007.g.vcf.gz
PI534008	/work/jyanglab/subhash/BQSR/gvcf/PI534008.g.vcf.gz
PI534009	/work/jyanglab/subhash/BQSR/gvcf/PI534009.g.vcf.gz
PI534010	/work/jyanglab/subhash/BQSR/gvcf/PI534010.g.vcf.gz
PI534011	/work/jyanglab/subhash/BQSR/gvcf/PI534011.g.vcf.gz
PI534013	/work/jyanglab/subhash/BQSR/gvcf/PI534013.g.vcf.gz
PI534014	/work/jyanglab/subhash/BQSR/gvcf/PI534014.g.vcf.gz
PI534015	/work/jyanglab/subhash/BQSR/gvcf/PI534015.g.vcf.gz
PI534016	/work/jyanglab/subhash/BQSR/gvcf/PI534016.g.vcf.gz
PI534017	/work/jyanglab/subhash/BQSR/gvcf/PI534017.g.vcf.gz
PI534019	/work/jyanglab/subhash/BQSR/gvcf/PI534019.g.vcf.gz
PI534020	/work/jyanglab/subhash/BQSR/gvcf/PI534020.g.vcf.gz
PI534021	/work/jyanglab/subhash/BQSR/gvcf/PI534021.g.vcf.gz
PI534022	/work/jyanglab/subhash/BQSR/gvcf/PI534022.g.vcf.gz
PI534023	/work/jyanglab/subhash/BQSR/gvcf/PI534023.g.vcf.gz
PI534024	/work/jyanglab/subhash/BQSR/gvcf/PI534024.g.vcf.gz
PI534025	/work/jyanglab/subhash/BQSR/gvcf/PI534025.g.vcf.gz
PI534026	/work/jyanglab/subhash/BQSR/gvcf/PI534026.g.vcf.gz
PI534027	/work/jyanglab/subhash/BQSR/gvcf/PI534027.g.vcf.gz
PI534028	/work/jyanglab/subhash/BQSR/gvcf/PI534028.g.vcf.gz
PI534030	/work/jyanglab/subhash/BQSR/gvcf/PI534030.g.vcf.gz
PI534031	/work/jyanglab/subhash/BQSR/gvcf/PI534031.g.vcf.gz
PI534032	/work/jyanglab/subhash/BQSR/gvcf/PI534032.g.vcf.gz
PI534033	/work/jyanglab/subhash/BQSR/gvcf/PI534033.g.vcf.gz
PI534034	/work/jyanglab/subhash/BQSR/gvcf/PI534034.g.vcf.gz
PI534035	/work/jyanglab/subhash/BQSR/gvcf/PI534035.g.vcf.gz
PI534036	/work/jyanglab/subhash/BQSR/gvcf/PI534036.g.vcf.gz
PI534037	/work/jyanglab/subhash/BQSR/gvcf/PI534037.g.vcf.gz
PI534038	/work/jyanglab/subhash/BQSR/gvcf/PI534038.g.vcf.gz
PI534040	/work/jyanglab/subhash/BQSR/gvcf/PI534040.g.vcf.gz
PI534041	/work/jyanglab/subhash/BQSR/gvcf/PI534041.g.vcf.gz
PI534042	/work/jyanglab/subhash/BQSR/gvcf/PI534042.g.vcf.gz
PI534043	/work/jyanglab/subhash/BQSR/gvcf/PI534043.g.vcf.gz
PI534044	/work/jyanglab/subhash/BQSR/gvcf/PI534044.g.vcf.gz
PI534045	/work/jyanglab/subhash/BQSR/gvcf/PI534045.g.vcf.gz
PI534046	/work/jyanglab/subhash/BQSR/gvcf/PI534046.g.vcf.gz
PI534047	/work/jyanglab/subhash/BQSR/gvcf/PI534047.g.vcf.gz
PI534049	/work/jyanglab/subhash/BQSR/gvcf/PI534049.g.vcf.gz
PI534050	/work/jyanglab/subhash/BQSR/gvcf/PI534050.g.vcf.gz
PI534051	/work/jyanglab/subhash/BQSR/gvcf/PI534051.g.vcf.gz
PI534052	/work/jyanglab/subhash/BQSR/gvcf/PI534052.g.vcf.gz
PI534053	/work/jyanglab/subhash/BQSR/gvcf/PI534053.g.vcf.gz
PI534054	/work/jyanglab/subhash/BQSR/gvcf/PI534054.g.vcf.gz
PI534055	/work/jyanglab/subhash/BQSR/gvcf/PI534055.g.vcf.gz
PI534057	/work/jyanglab/subhash/BQSR/gvcf/PI534057.g.vcf.gz
PI534058	/work/jyanglab/subhash/BQSR/gvcf/PI534058.g.vcf.gz
PI534059	/work/jyanglab/subhash/BQSR/gvcf/PI534059.g.vcf.gz
PI534060	/work/jyanglab/subhash/BQSR/gvcf/PI534060.g.vcf.gz
PI534061	/work/jyanglab/subhash/BQSR/gvcf/PI534061.g.vcf.gz
PI534062	/work/jyanglab/subhash/BQSR/gvcf/PI534062.g.vcf.gz
PI534063	/work/jyanglab/subhash/BQSR/gvcf/PI534063.g.vcf.gz
PI534065	/work/jyanglab/subhash/BQSR/gvcf/PI534065.g.vcf.gz
PI534066	/work/jyanglab/subhash/BQSR/gvcf/PI534066.g.vcf.gz
PI534067	/work/jyanglab/subhash/BQSR/gvcf/PI534067.g.vcf.gz
PI534069	/work/jyanglab/subhash/BQSR/gvcf/PI534069.g.vcf.gz
PI534070	/work/jyanglab/subhash/BQSR/gvcf/PI534070.g.vcf.gz
PI534072	/work/jyanglab/subhash/BQSR/gvcf/PI534072.g.vcf.gz
PI534073	/work/jyanglab/subhash/BQSR/gvcf/PI534073.g.vcf.gz
PI534074	/work/jyanglab/subhash/BQSR/gvcf/PI534074.g.vcf.gz
PI534075	/work/jyanglab/subhash/BQSR/gvcf/PI534075.g.vcf.gz
PI534076	/work/jyanglab/subhash/BQSR/gvcf/PI534076.g.vcf.gz
PI534077	/work/jyanglab/subhash/BQSR/gvcf/PI534077.g.vcf.gz
PI534078	/work/jyanglab/subhash/BQSR/gvcf/PI534078.g.vcf.gz
PI534079	/work/jyanglab/subhash/BQSR/gvcf/PI534079.g.vcf.gz
PI534080	/work/jyanglab/subhash/BQSR/gvcf/PI534080.g.vcf.gz
PI534081	/work/jyanglab/subhash/BQSR/gvcf/PI534081.g.vcf.gz
PI534082	/work/jyanglab/subhash/BQSR/gvcf/PI534082.g.vcf.gz
PI534083	/work/jyanglab/subhash/BQSR/gvcf/PI534083.g.vcf.gz
PI534084	/work/jyanglab/subhash/BQSR/gvcf/PI534084.g.vcf.gz
PI534085	/work/jyanglab/subhash/BQSR/gvcf/PI534085.g.vcf.gz
PI534086	/work/jyanglab/subhash/BQSR/gvcf/PI534086.g.vcf.gz
PI534087	/work/jyanglab/subhash/BQSR/gvcf/PI534087.g.vcf.gz
PI534088	/work/jyanglab/subhash/BQSR/gvcf/PI534088.g.vcf.gz
PI534089	/work/jyanglab/subhash/BQSR/gvcf/PI534089.g.vcf.gz
PI534090	/work/jyanglab/subhash/BQSR/gvcf/PI534090.g.vcf.gz
PI534091	/work/jyanglab/subhash/BQSR/gvcf/PI534091.g.vcf.gz
PI534092	/work/jyanglab/subhash/BQSR/gvcf/PI534092.g.vcf.gz
PI534094	/work/jyanglab/subhash/BQSR/gvcf/PI534094.g.vcf.gz
PI534096	/work/jyanglab/subhash/BQSR/gvcf/PI534096.g.vcf.gz
PI534097	/work/jyanglab/subhash/BQSR/gvcf/PI534097.g.vcf.gz
PI534098	/work/jyanglab/subhash/BQSR/gvcf/PI534098.g.vcf.gz
PI534099	/work/jyanglab/subhash/BQSR/gvcf/PI534099.g.vcf.gz
PI534100	/work/jyanglab/subhash/BQSR/gvcf/PI534100.g.vcf.gz
PI534101	/work/jyanglab/subhash/BQSR/gvcf/PI534101.g.vcf.gz
PI534102	/work/jyanglab/subhash/BQSR/gvcf/PI534102.g.vcf.gz
PI534103	/work/jyanglab/subhash/BQSR/gvcf/PI534103.g.vcf.gz
PI534105	/work/jyanglab/subhash/BQSR/gvcf/PI534105.g.vcf.gz
PI534106	/work/jyanglab/subhash/BQSR/gvcf/PI534106.g.vcf.gz
PI534107	/work/jyanglab/subhash/BQSR/gvcf/PI534107.g.vcf.gz
PI534108	/work/jyanglab/subhash/BQSR/gvcf/PI534108.g.vcf.gz
PI534109	/work/jyanglab/subhash/BQSR/gvcf/PI534109.g.vcf.gz
PI534110	/work/jyanglab/subhash/BQSR/gvcf/PI534110.g.vcf.gz
PI534111	/work/jyanglab/subhash/BQSR/gvcf/PI534111.g.vcf.gz
PI534112	/work/jyanglab/subhash/BQSR/gvcf/PI534112.g.vcf.gz
PI534113	/work/jyanglab/subhash/BQSR/gvcf/PI534113.g.vcf.gz
PI534114	/work/jyanglab/subhash/BQSR/gvcf/PI534114.g.vcf.gz
PI534115	/work/jyanglab/subhash/BQSR/gvcf/PI534115.g.vcf.gz
PI534116	/work/jyanglab/subhash/BQSR/gvcf/PI534116.g.vcf.gz
PI534117	/work/jyanglab/subhash/BQSR/gvcf/PI534117.g.vcf.gz
PI534118	/work/jyanglab/subhash/BQSR/gvcf/PI534118.g.vcf.gz
PI534119	/work/jyanglab/subhash/BQSR/gvcf/PI534119.g.vcf.gz
PI534120	/work/jyanglab/subhash/BQSR/gvcf/PI534120.g.vcf.gz
PI534121	/work/jyanglab/subhash/BQSR/gvcf/PI534121.g.vcf.gz
PI534122	/work/jyanglab/subhash/BQSR/gvcf/PI534122.g.vcf.gz
PI534123	/work/jyanglab/subhash/BQSR/gvcf/PI534123.g.vcf.gz
PI534124	/work/jyanglab/subhash/BQSR/gvcf/PI534124.g.vcf.gz
PI534126_1	/work/jyanglab/subhash/BQSR/gvcf/PI534126_1.g.vcf.gz
PI534126_2	/work/jyanglab/subhash/BQSR/gvcf/PI534126_2.g.vcf.gz
PI534127	/work/jyanglab/subhash/BQSR/gvcf/PI534127.g.vcf.gz
PI534128	/work/jyanglab/subhash/BQSR/gvcf/PI534128.g.vcf.gz
PI534130	/work/jyanglab/subhash/BQSR/gvcf/PI534130.g.vcf.gz
PI534131	/work/jyanglab/subhash/BQSR/gvcf/PI534131.g.vcf.gz
PI534132	/work/jyanglab/subhash/BQSR/gvcf/PI534132.g.vcf.gz
PI534133	/work/jyanglab/subhash/BQSR/gvcf/PI534133.g.vcf.gz
PI534134	/work/jyanglab/subhash/BQSR/gvcf/PI534134.g.vcf.gz
PI534135	/work/jyanglab/subhash/BQSR/gvcf/PI534135.g.vcf.gz
PI534136	/work/jyanglab/subhash/BQSR/gvcf/PI534136.g.vcf.gz
PI534137	/work/jyanglab/subhash/BQSR/gvcf/PI534137.g.vcf.gz
PI534138	/work/jyanglab/subhash/BQSR/gvcf/PI534138.g.vcf.gz
PI534139	/work/jyanglab/subhash/BQSR/gvcf/PI534139.g.vcf.gz
PI534140	/work/jyanglab/subhash/BQSR/gvcf/PI534140.g.vcf.gz
PI534141	/work/jyanglab/subhash/BQSR/gvcf/PI534141.g.vcf.gz
PI534142	/work/jyanglab/subhash/BQSR/gvcf/PI534142.g.vcf.gz
PI534144	/work/jyanglab/subhash/BQSR/gvcf/PI534144.g.vcf.gz
PI534145	/work/jyanglab/subhash/BQSR/gvcf/PI534145.g.vcf.gz
PI534146	/work/jyanglab/subhash/BQSR/gvcf/PI534146.g.vcf.gz
PI534147	/work/jyanglab/subhash/BQSR/gvcf/PI534147.g.vcf.gz
PI534148	/work/jyanglab/subhash/BQSR/gvcf/PI534148.g.vcf.gz
PI534149	/work/jyanglab/subhash/BQSR/gvcf/PI534149.g.vcf.gz
PI534150	/work/jyanglab/subhash/BQSR/gvcf/PI534150.g.vcf.gz
PI534151	/work/jyanglab/subhash/BQSR/gvcf/PI534151.g.vcf.gz
PI534152	/work/jyanglab/subhash/BQSR/gvcf/PI534152.g.vcf.gz
PI534153	/work/jyanglab/subhash/BQSR/gvcf/PI534153.g.vcf.gz
PI534154	/work/jyanglab/subhash/BQSR/gvcf/PI534154.g.vcf.gz
PI534155	/work/jyanglab/subhash/BQSR/gvcf/PI534155.g.vcf.gz
PI534156	/work/jyanglab/subhash/BQSR/gvcf/PI534156.g.vcf.gz
PI534157	/work/jyanglab/subhash/BQSR/gvcf/PI534157.g.vcf.gz
PI534158	/work/jyanglab/subhash/BQSR/gvcf/PI534158.g.vcf.gz
PI534159	/work/jyanglab/subhash/BQSR/gvcf/PI534159.g.vcf.gz
PI534160	/work/jyanglab/subhash/BQSR/gvcf/PI534160.g.vcf.gz
PI534162	/work/jyanglab/subhash/BQSR/gvcf/PI534162.g.vcf.gz
PI534163	/work/jyanglab/subhash/BQSR/gvcf/PI534163.g.vcf.gz
PI534164	/work/jyanglab/subhash/BQSR/gvcf/PI534164.g.vcf.gz
PI534165	/work/jyanglab/subhash/BQSR/gvcf/PI534165.g.vcf.gz
PI534166	/work/jyanglab/subhash/BQSR/gvcf/PI534166.g.vcf.gz
PI534167	/work/jyanglab/subhash/BQSR/gvcf/PI534167.g.vcf.gz
PI540816	/work/jyanglab/subhash/BQSR/gvcf/PI540816.g.vcf.gz
PI542406	/work/jyanglab/subhash/BQSR/gvcf/PI542406.g.vcf.gz
PI542718	/work/jyanglab/subhash/BQSR/gvcf/PI542718.g.vcf.gz
PI548797	/work/jyanglab/subhash/BQSR/gvcf/PI548797.g.vcf.gz
PI552856	/work/jyanglab/subhash/BQSR/gvcf/PI552856.g.vcf.gz
PI552861	/work/jyanglab/subhash/BQSR/gvcf/PI552861.g.vcf.gz
PI561071	/work/jyanglab/subhash/BQSR/gvcf/PI561071.g.vcf.gz
PI561072	/work/jyanglab/subhash/BQSR/gvcf/PI561072.g.vcf.gz
PI561073	/work/jyanglab/subhash/BQSR/gvcf/PI561073.g.vcf.gz
PI562730	/work/jyanglab/subhash/BQSR/gvcf/PI562730.g.vcf.gz
PI564163	/work/jyanglab/subhash/BQSR/gvcf/PI564163.g.vcf.gz
PI564164	/work/jyanglab/subhash/BQSR/gvcf/PI564164.g.vcf.gz
PI564165	/work/jyanglab/subhash/BQSR/gvcf/PI564165.g.vcf.gz
PI565121	/work/jyanglab/subhash/BQSR/gvcf/PI565121.g.vcf.gz
PI566819	/work/jyanglab/subhash/BQSR/gvcf/PI566819.g.vcf.gz
PI576130	/work/jyanglab/subhash/BQSR/gvcf/PI576130.g.vcf.gz
PI576328	/work/jyanglab/subhash/BQSR/gvcf/PI576328.g.vcf.gz
PI576329	/work/jyanglab/subhash/BQSR/gvcf/PI576329.g.vcf.gz
PI576330	/work/jyanglab/subhash/BQSR/gvcf/PI576330.g.vcf.gz
PI576332	/work/jyanglab/subhash/BQSR/gvcf/PI576332.g.vcf.gz
PI576333	/work/jyanglab/subhash/BQSR/gvcf/PI576333.g.vcf.gz
PI576334	/work/jyanglab/subhash/BQSR/gvcf/PI576334.g.vcf.gz
PI576335	/work/jyanglab/subhash/BQSR/gvcf/PI576335.g.vcf.gz
PI576337	/work/jyanglab/subhash/BQSR/gvcf/PI576337.g.vcf.gz
PI576338	/work/jyanglab/subhash/BQSR/gvcf/PI576338.g.vcf.gz
PI576339	/work/jyanglab/subhash/BQSR/gvcf/PI576339.g.vcf.gz
PI576340	/work/jyanglab/subhash/BQSR/gvcf/PI576340.g.vcf.gz
PI576341	/work/jyanglab/subhash/BQSR/gvcf/PI576341.g.vcf.gz
PI576342	/work/jyanglab/subhash/BQSR/gvcf/PI576342.g.vcf.gz
PI576343	/work/jyanglab/subhash/BQSR/gvcf/PI576343.g.vcf.gz
PI576345	/work/jyanglab/subhash/BQSR/gvcf/PI576345.g.vcf.gz
PI576346	/work/jyanglab/subhash/BQSR/gvcf/PI576346.g.vcf.gz
PI576347	/work/jyanglab/subhash/BQSR/gvcf/PI576347.g.vcf.gz
PI576348	/work/jyanglab/subhash/BQSR/gvcf/PI576348.g.vcf.gz
PI576349	/work/jyanglab/subhash/BQSR/gvcf/PI576349.g.vcf.gz
PI576350	/work/jyanglab/subhash/BQSR/gvcf/PI576350.g.vcf.gz
PI576351	/work/jyanglab/subhash/BQSR/gvcf/PI576351.g.vcf.gz
PI576352	/work/jyanglab/subhash/BQSR/gvcf/PI576352.g.vcf.gz
PI576354	/work/jyanglab/subhash/BQSR/gvcf/PI576354.g.vcf.gz
PI576355	/work/jyanglab/subhash/BQSR/gvcf/PI576355.g.vcf.gz
PI576357	/work/jyanglab/subhash/BQSR/gvcf/PI576357.g.vcf.gz
PI576358	/work/jyanglab/subhash/BQSR/gvcf/PI576358.g.vcf.gz
PI576359	/work/jyanglab/subhash/BQSR/gvcf/PI576359.g.vcf.gz
PI576360	/work/jyanglab/subhash/BQSR/gvcf/PI576360.g.vcf.gz
PI576361	/work/jyanglab/subhash/BQSR/gvcf/PI576361.g.vcf.gz
PI576362	/work/jyanglab/subhash/BQSR/gvcf/PI576362.g.vcf.gz
PI576363	/work/jyanglab/subhash/BQSR/gvcf/PI576363.g.vcf.gz
PI576364	/work/jyanglab/subhash/BQSR/gvcf/PI576364.g.vcf.gz
PI576366	/work/jyanglab/subhash/BQSR/gvcf/PI576366.g.vcf.gz
PI576368	/work/jyanglab/subhash/BQSR/gvcf/PI576368.g.vcf.gz
PI576369	/work/jyanglab/subhash/BQSR/gvcf/PI576369.g.vcf.gz
PI576370	/work/jyanglab/subhash/BQSR/gvcf/PI576370.g.vcf.gz
PI576371	/work/jyanglab/subhash/BQSR/gvcf/PI576371.g.vcf.gz
PI576372	/work/jyanglab/subhash/BQSR/gvcf/PI576372.g.vcf.gz
PI576373	/work/jyanglab/subhash/BQSR/gvcf/PI576373.g.vcf.gz
PI576374	/work/jyanglab/subhash/BQSR/gvcf/PI576374.g.vcf.gz
PI576375	/work/jyanglab/subhash/BQSR/gvcf/PI576375.g.vcf.gz
PI576376	/work/jyanglab/subhash/BQSR/gvcf/PI576376.g.vcf.gz
PI576377	/work/jyanglab/subhash/BQSR/gvcf/PI576377.g.vcf.gz
PI576378	/work/jyanglab/subhash/BQSR/gvcf/PI576378.g.vcf.gz
PI576379	/work/jyanglab/subhash/BQSR/gvcf/PI576379.g.vcf.gz
PI576380	/work/jyanglab/subhash/BQSR/gvcf/PI576380.g.vcf.gz
PI576381	/work/jyanglab/subhash/BQSR/gvcf/PI576381.g.vcf.gz
PI576382	/work/jyanglab/subhash/BQSR/gvcf/PI576382.g.vcf.gz
PI576383	/work/jyanglab/subhash/BQSR/gvcf/PI576383.g.vcf.gz
PI576385	/work/jyanglab/subhash/BQSR/gvcf/PI576385.g.vcf.gz
PI576386	/work/jyanglab/subhash/BQSR/gvcf/PI576386.g.vcf.gz
PI576387	/work/jyanglab/subhash/BQSR/gvcf/PI576387.g.vcf.gz
PI576389	/work/jyanglab/subhash/BQSR/gvcf/PI576389.g.vcf.gz
PI576390	/work/jyanglab/subhash/BQSR/gvcf/PI576390.g.vcf.gz
PI576391	/work/jyanglab/subhash/BQSR/gvcf/PI576391.g.vcf.gz
PI576392	/work/jyanglab/subhash/BQSR/gvcf/PI576392.g.vcf.gz
PI576393	/work/jyanglab/subhash/BQSR/gvcf/PI576393.g.vcf.gz
PI576394	/work/jyanglab/subhash/BQSR/gvcf/PI576394.g.vcf.gz
PI576395	/work/jyanglab/subhash/BQSR/gvcf/PI576395.g.vcf.gz
PI576396	/work/jyanglab/subhash/BQSR/gvcf/PI576396.g.vcf.gz
PI576397	/work/jyanglab/subhash/BQSR/gvcf/PI576397.g.vcf.gz
PI576398	/work/jyanglab/subhash/BQSR/gvcf/PI576398.g.vcf.gz
PI576399	/work/jyanglab/subhash/BQSR/gvcf/PI576399.g.vcf.gz
PI576400	/work/jyanglab/subhash/BQSR/gvcf/PI576400.g.vcf.gz
PI576401	/work/jyanglab/subhash/BQSR/gvcf/PI576401.g.vcf.gz
PI576402	/work/jyanglab/subhash/BQSR/gvcf/PI576402.g.vcf.gz
PI576403	/work/jyanglab/subhash/BQSR/gvcf/PI576403.g.vcf.gz
PI576404_1	/work/jyanglab/subhash/BQSR/gvcf/PI576404_1.g.vcf.gz
PI576404_2	/work/jyanglab/subhash/BQSR/gvcf/PI576404_2.g.vcf.gz
PI576405	/work/jyanglab/subhash/BQSR/gvcf/PI576405.g.vcf.gz
PI576406	/work/jyanglab/subhash/BQSR/gvcf/PI576406.g.vcf.gz
PI576407	/work/jyanglab/subhash/BQSR/gvcf/PI576407.g.vcf.gz
PI576408	/work/jyanglab/subhash/BQSR/gvcf/PI576408.g.vcf.gz
PI576409	/work/jyanglab/subhash/BQSR/gvcf/PI576409.g.vcf.gz
PI576410	/work/jyanglab/subhash/BQSR/gvcf/PI576410.g.vcf.gz
PI576411_1	/work/jyanglab/subhash/BQSR/gvcf/PI576411_1.g.vcf.gz
PI576411_2	/work/jyanglab/subhash/BQSR/gvcf/PI576411_2.g.vcf.gz
PI576412	/work/jyanglab/subhash/BQSR/gvcf/PI576412.g.vcf.gz
PI576413	/work/jyanglab/subhash/BQSR/gvcf/PI576413.g.vcf.gz
PI576414	/work/jyanglab/subhash/BQSR/gvcf/PI576414.g.vcf.gz
PI576415	/work/jyanglab/subhash/BQSR/gvcf/PI576415.g.vcf.gz
PI576416	/work/jyanglab/subhash/BQSR/gvcf/PI576416.g.vcf.gz
PI576416_1	/work/jyanglab/subhash/BQSR/gvcf/PI576416_1.g.vcf.gz
PI576417	/work/jyanglab/subhash/BQSR/gvcf/PI576417.g.vcf.gz
PI576418	/work/jyanglab/subhash/BQSR/gvcf/PI576418.g.vcf.gz
PI576419	/work/jyanglab/subhash/BQSR/gvcf/PI576419.g.vcf.gz
PI576420	/work/jyanglab/subhash/BQSR/gvcf/PI576420.g.vcf.gz
PI576421	/work/jyanglab/subhash/BQSR/gvcf/PI576421.g.vcf.gz
PI576422	/work/jyanglab/subhash/BQSR/gvcf/PI576422.g.vcf.gz
PI576423	/work/jyanglab/subhash/BQSR/gvcf/PI576423.g.vcf.gz
PI576424	/work/jyanglab/subhash/BQSR/gvcf/PI576424.g.vcf.gz
PI576425	/work/jyanglab/subhash/BQSR/gvcf/PI576425.g.vcf.gz
PI576426	/work/jyanglab/subhash/BQSR/gvcf/PI576426.g.vcf.gz
PI576427	/work/jyanglab/subhash/BQSR/gvcf/PI576427.g.vcf.gz
PI576428	/work/jyanglab/subhash/BQSR/gvcf/PI576428.g.vcf.gz
PI576429	/work/jyanglab/subhash/BQSR/gvcf/PI576429.g.vcf.gz
PI576431	/work/jyanglab/subhash/BQSR/gvcf/PI576431.g.vcf.gz
PI576432	/work/jyanglab/subhash/BQSR/gvcf/PI576432.g.vcf.gz
PI576433	/work/jyanglab/subhash/BQSR/gvcf/PI576433.g.vcf.gz
PI576434	/work/jyanglab/subhash/BQSR/gvcf/PI576434.g.vcf.gz
PI576435	/work/jyanglab/subhash/BQSR/gvcf/PI576435.g.vcf.gz
PI576436	/work/jyanglab/subhash/BQSR/gvcf/PI576436.g.vcf.gz
PI576437	/work/jyanglab/subhash/BQSR/gvcf/PI576437.g.vcf.gz
PI585291	/work/jyanglab/subhash/BQSR/gvcf/PI585291.g.vcf.gz
PI585295	/work/jyanglab/subhash/BQSR/gvcf/PI585295.g.vcf.gz
PI595699	/work/jyanglab/subhash/BQSR/gvcf/PI595699.g.vcf.gz
PI595700	/work/jyanglab/subhash/BQSR/gvcf/PI595700.g.vcf.gz
PI595701	/work/jyanglab/subhash/BQSR/gvcf/PI595701.g.vcf.gz
PI595702	/work/jyanglab/subhash/BQSR/gvcf/PI595702.g.vcf.gz
PI595703	/work/jyanglab/subhash/BQSR/gvcf/PI595703.g.vcf.gz
PI595704	/work/jyanglab/subhash/BQSR/gvcf/PI595704.g.vcf.gz
PI595705	/work/jyanglab/subhash/BQSR/gvcf/PI595705.g.vcf.gz
PI595706	/work/jyanglab/subhash/BQSR/gvcf/PI595706.g.vcf.gz
PI595708	/work/jyanglab/subhash/BQSR/gvcf/PI595708.g.vcf.gz
PI595709	/work/jyanglab/subhash/BQSR/gvcf/PI595709.g.vcf.gz
PI595710	/work/jyanglab/subhash/BQSR/gvcf/PI595710.g.vcf.gz
PI595711	/work/jyanglab/subhash/BQSR/gvcf/PI595711.g.vcf.gz
PI595712	/work/jyanglab/subhash/BQSR/gvcf/PI595712.g.vcf.gz
PI595713	/work/jyanglab/subhash/BQSR/gvcf/PI595713.g.vcf.gz
PI595714	/work/jyanglab/subhash/BQSR/gvcf/PI595714.g.vcf.gz
PI595715	/work/jyanglab/subhash/BQSR/gvcf/PI595715.g.vcf.gz
PI595716	/work/jyanglab/subhash/BQSR/gvcf/PI595716.g.vcf.gz
PI595717	/work/jyanglab/subhash/BQSR/gvcf/PI595717.g.vcf.gz
PI595718	/work/jyanglab/subhash/BQSR/gvcf/PI595718.g.vcf.gz
PI595719	/work/jyanglab/subhash/BQSR/gvcf/PI595719.g.vcf.gz
PI595720	/work/jyanglab/subhash/BQSR/gvcf/PI595720.g.vcf.gz
PI595721	/work/jyanglab/subhash/BQSR/gvcf/PI595721.g.vcf.gz
PI595722	/work/jyanglab/subhash/BQSR/gvcf/PI595722.g.vcf.gz
PI595723	/work/jyanglab/subhash/BQSR/gvcf/PI595723.g.vcf.gz
PI595724	/work/jyanglab/subhash/BQSR/gvcf/PI595724.g.vcf.gz
PI595725	/work/jyanglab/subhash/BQSR/gvcf/PI595725.g.vcf.gz
PI595726	/work/jyanglab/subhash/BQSR/gvcf/PI595726.g.vcf.gz
PI595727	/work/jyanglab/subhash/BQSR/gvcf/PI595727.g.vcf.gz
PI595728	/work/jyanglab/subhash/BQSR/gvcf/PI595728.g.vcf.gz
PI595729	/work/jyanglab/subhash/BQSR/gvcf/PI595729.g.vcf.gz
PI595730	/work/jyanglab/subhash/BQSR/gvcf/PI595730.g.vcf.gz
PI595731	/work/jyanglab/subhash/BQSR/gvcf/PI595731.g.vcf.gz
PI595732	/work/jyanglab/subhash/BQSR/gvcf/PI595732.g.vcf.gz
PI595733	/work/jyanglab/subhash/BQSR/gvcf/PI595733.g.vcf.gz
PI595734	/work/jyanglab/subhash/BQSR/gvcf/PI595734.g.vcf.gz
PI595735	/work/jyanglab/subhash/BQSR/gvcf/PI595735.g.vcf.gz
PI595736	/work/jyanglab/subhash/BQSR/gvcf/PI595736.g.vcf.gz
PI595737	/work/jyanglab/subhash/BQSR/gvcf/PI595737.g.vcf.gz
PI595738	/work/jyanglab/subhash/BQSR/gvcf/PI595738.g.vcf.gz
PI595739	/work/jyanglab/subhash/BQSR/gvcf/PI595739.g.vcf.gz
PI595740	/work/jyanglab/subhash/BQSR/gvcf/PI595740.g.vcf.gz
PI595741	/work/jyanglab/subhash/BQSR/gvcf/PI595741.g.vcf.gz
PI595742	/work/jyanglab/subhash/BQSR/gvcf/PI595742.g.vcf.gz
PI595743	/work/jyanglab/subhash/BQSR/gvcf/PI595743.g.vcf.gz
PI595744	/work/jyanglab/subhash/BQSR/gvcf/PI595744.g.vcf.gz
PI595745	/work/jyanglab/subhash/BQSR/gvcf/PI595745.g.vcf.gz
PI595746	/work/jyanglab/subhash/BQSR/gvcf/PI595746.g.vcf.gz
PI595747	/work/jyanglab/subhash/BQSR/gvcf/PI595747.g.vcf.gz
PI595748	/work/jyanglab/subhash/BQSR/gvcf/PI595748.g.vcf.gz
PI597943	/work/jyanglab/subhash/BQSR/gvcf/PI597943.g.vcf.gz
PI597944	/work/jyanglab/subhash/BQSR/gvcf/PI597944.g.vcf.gz
PI597945	/work/jyanglab/subhash/BQSR/gvcf/PI597945.g.vcf.gz
PI597946	/work/jyanglab/subhash/BQSR/gvcf/PI597946.g.vcf.gz
PI597947	/work/jyanglab/subhash/BQSR/gvcf/PI597947.g.vcf.gz
PI597949	/work/jyanglab/subhash/BQSR/gvcf/PI597949.g.vcf.gz
PI597950	/work/jyanglab/subhash/BQSR/gvcf/PI597950.g.vcf.gz
PI597951	/work/jyanglab/subhash/BQSR/gvcf/PI597951.g.vcf.gz
PI597952	/work/jyanglab/subhash/BQSR/gvcf/PI597952.g.vcf.gz
PI597953	/work/jyanglab/subhash/BQSR/gvcf/PI597953.g.vcf.gz
PI597955	/work/jyanglab/subhash/BQSR/gvcf/PI597955.g.vcf.gz
PI597956	/work/jyanglab/subhash/BQSR/gvcf/PI597956.g.vcf.gz
PI597957	/work/jyanglab/subhash/BQSR/gvcf/PI597957.g.vcf.gz
PI597958	/work/jyanglab/subhash/BQSR/gvcf/PI597958.g.vcf.gz
PI597959	/work/jyanglab/subhash/BQSR/gvcf/PI597959.g.vcf.gz
PI597960	/work/jyanglab/subhash/BQSR/gvcf/PI597960.g.vcf.gz
PI597961	/work/jyanglab/subhash/BQSR/gvcf/PI597961.g.vcf.gz
PI597962	/work/jyanglab/subhash/BQSR/gvcf/PI597962.g.vcf.gz
PI597963	/work/jyanglab/subhash/BQSR/gvcf/PI597963.g.vcf.gz
PI597964	/work/jyanglab/subhash/BQSR/gvcf/PI597964.g.vcf.gz
PI597965	/work/jyanglab/subhash/BQSR/gvcf/PI597965.g.vcf.gz
PI597966	/work/jyanglab/subhash/BQSR/gvcf/PI597966.g.vcf.gz
PI597967	/work/jyanglab/subhash/BQSR/gvcf/PI597967.g.vcf.gz
PI597968	/work/jyanglab/subhash/BQSR/gvcf/PI597968.g.vcf.gz
PI597970	/work/jyanglab/subhash/BQSR/gvcf/PI597970.g.vcf.gz
PI597971	/work/jyanglab/subhash/BQSR/gvcf/PI597971.g.vcf.gz
PI597972	/work/jyanglab/subhash/BQSR/gvcf/PI597972.g.vcf.gz
PI597973	/work/jyanglab/subhash/BQSR/gvcf/PI597973.g.vcf.gz
PI597974	/work/jyanglab/subhash/BQSR/gvcf/PI597974.g.vcf.gz
PI597975	/work/jyanglab/subhash/BQSR/gvcf/PI597975.g.vcf.gz
PI597976	/work/jyanglab/subhash/BQSR/gvcf/PI597976.g.vcf.gz
PI597977	/work/jyanglab/subhash/BQSR/gvcf/PI597977.g.vcf.gz
PI597978	/work/jyanglab/subhash/BQSR/gvcf/PI597978.g.vcf.gz
PI597979	/work/jyanglab/subhash/BQSR/gvcf/PI597979.g.vcf.gz
PI597980	/work/jyanglab/subhash/BQSR/gvcf/PI597980.g.vcf.gz
PI597981	/work/jyanglab/subhash/BQSR/gvcf/PI597981.g.vcf.gz
PI597982	/work/jyanglab/subhash/BQSR/gvcf/PI597982.g.vcf.gz
PI598069	/work/jyanglab/subhash/BQSR/gvcf/PI598069.g.vcf.gz
PI598070	/work/jyanglab/subhash/BQSR/gvcf/PI598070.g.vcf.gz
PI601816	/work/jyanglab/subhash/BQSR/gvcf/PI601816.g.vcf.gz
PI607931	/work/jyanglab/subhash/BQSR/gvcf/PI607931.g.vcf.gz
PI609456	/work/jyanglab/subhash/BQSR/gvcf/PI609456.g.vcf.gz
PI613536	/work/jyanglab/subhash/BQSR/gvcf/PI613536.g.vcf.gz
PI629034	/work/jyanglab/subhash/BQSR/gvcf/PI629034.g.vcf.gz
PI629040	/work/jyanglab/subhash/BQSR/gvcf/PI629040.g.vcf.gz
PI629059	/work/jyanglab/subhash/BQSR/gvcf/PI629059.g.vcf.gz
PI641824	/work/jyanglab/subhash/BQSR/gvcf/PI641824.g.vcf.gz
PI641836	/work/jyanglab/subhash/BQSR/gvcf/PI641836.g.vcf.gz
PI641849	/work/jyanglab/subhash/BQSR/gvcf/PI641849.g.vcf.gz
PI641874	/work/jyanglab/subhash/BQSR/gvcf/PI641874.g.vcf.gz
PI642791	/work/jyanglab/subhash/BQSR/gvcf/PI642791.g.vcf.gz
PI642793	/work/jyanglab/subhash/BQSR/gvcf/PI642793.g.vcf.gz
PI642992	/work/jyanglab/subhash/BQSR/gvcf/PI642992.g.vcf.gz
PI642998	/work/jyanglab/subhash/BQSR/gvcf/PI642998.g.vcf.gz
PI651492	/work/jyanglab/subhash/BQSR/gvcf/PI651492.g.vcf.gz
PI651496	/work/jyanglab/subhash/BQSR/gvcf/PI651496.g.vcf.gz
PI653616	/work/jyanglab/subhash/BQSR/gvcf/PI653616.g.vcf.gz
PI653617	/work/jyanglab/subhash/BQSR/gvcf/PI653617.g.vcf.gz
PI655970	/work/jyanglab/subhash/BQSR/gvcf/PI655970.g.vcf.gz
PI655971	/work/jyanglab/subhash/BQSR/gvcf/PI655971.g.vcf.gz
PI655972	/work/jyanglab/subhash/BQSR/gvcf/PI655972.g.vcf.gz
PI655973	/work/jyanglab/subhash/BQSR/gvcf/PI655973.g.vcf.gz
PI655974	/work/jyanglab/subhash/BQSR/gvcf/PI655974.g.vcf.gz
PI655975	/work/jyanglab/subhash/BQSR/gvcf/PI655975.g.vcf.gz
PI655976	/work/jyanglab/subhash/BQSR/gvcf/PI655976.g.vcf.gz
PI655977	/work/jyanglab/subhash/BQSR/gvcf/PI655977.g.vcf.gz
PI655978	/work/jyanglab/subhash/BQSR/gvcf/PI655978.g.vcf.gz
PI655979	/work/jyanglab/subhash/BQSR/gvcf/PI655979.g.vcf.gz
PI655980	/work/jyanglab/subhash/BQSR/gvcf/PI655980.g.vcf.gz
PI655981	/work/jyanglab/subhash/BQSR/gvcf/PI655981.g.vcf.gz
PI655982	/work/jyanglab/subhash/BQSR/gvcf/PI655982.g.vcf.gz
PI655983	/work/jyanglab/subhash/BQSR/gvcf/PI655983.g.vcf.gz
PI655984	/work/jyanglab/subhash/BQSR/gvcf/PI655984.g.vcf.gz
PI655985	/work/jyanglab/subhash/BQSR/gvcf/PI655985.g.vcf.gz
PI655986	/work/jyanglab/subhash/BQSR/gvcf/PI655986.g.vcf.gz
PI655987	/work/jyanglab/subhash/BQSR/gvcf/PI655987.g.vcf.gz
PI655988	/work/jyanglab/subhash/BQSR/gvcf/PI655988.g.vcf.gz
PI655989	/work/jyanglab/subhash/BQSR/gvcf/PI655989.g.vcf.gz
PI655990	/work/jyanglab/subhash/BQSR/gvcf/PI655990.g.vcf.gz
PI655991	/work/jyanglab/subhash/BQSR/gvcf/PI655991.g.vcf.gz
PI655992	/work/jyanglab/subhash/BQSR/gvcf/PI655992.g.vcf.gz
PI655993	/work/jyanglab/subhash/BQSR/gvcf/PI655993.g.vcf.gz
PI655994	/work/jyanglab/subhash/BQSR/gvcf/PI655994.g.vcf.gz
PI655995	/work/jyanglab/subhash/BQSR/gvcf/PI655995.g.vcf.gz
PI655996	/work/jyanglab/subhash/BQSR/gvcf/PI655996.g.vcf.gz
PI655997	/work/jyanglab/subhash/BQSR/gvcf/PI655997.g.vcf.gz
PI655998	/work/jyanglab/subhash/BQSR/gvcf/PI655998.g.vcf.gz
PI655999	/work/jyanglab/subhash/BQSR/gvcf/PI655999.g.vcf.gz
PI656000	/work/jyanglab/subhash/BQSR/gvcf/PI656000.g.vcf.gz
PI656001	/work/jyanglab/subhash/BQSR/gvcf/PI656001.g.vcf.gz
PI656002	/work/jyanglab/subhash/BQSR/gvcf/PI656002.g.vcf.gz
PI656003	/work/jyanglab/subhash/BQSR/gvcf/PI656003.g.vcf.gz
PI656004	/work/jyanglab/subhash/BQSR/gvcf/PI656004.g.vcf.gz
PI656005	/work/jyanglab/subhash/BQSR/gvcf/PI656005.g.vcf.gz
PI656006	/work/jyanglab/subhash/BQSR/gvcf/PI656006.g.vcf.gz
PI656007	/work/jyanglab/subhash/BQSR/gvcf/PI656007.g.vcf.gz
PI656008	/work/jyanglab/subhash/BQSR/gvcf/PI656008.g.vcf.gz
PI656009	/work/jyanglab/subhash/BQSR/gvcf/PI656009.g.vcf.gz
PI656010	/work/jyanglab/subhash/BQSR/gvcf/PI656010.g.vcf.gz
PI656011	/work/jyanglab/subhash/BQSR/gvcf/PI656011.g.vcf.gz
PI656012	/work/jyanglab/subhash/BQSR/gvcf/PI656012.g.vcf.gz
PI656013	/work/jyanglab/subhash/BQSR/gvcf/PI656013.g.vcf.gz
PI656014	/work/jyanglab/subhash/BQSR/gvcf/PI656014.g.vcf.gz
PI656015	/work/jyanglab/subhash/BQSR/gvcf/PI656015.g.vcf.gz
PI656016	/work/jyanglab/subhash/BQSR/gvcf/PI656016.g.vcf.gz
PI656017	/work/jyanglab/subhash/BQSR/gvcf/PI656017.g.vcf.gz
PI656018	/work/jyanglab/subhash/BQSR/gvcf/PI656018.g.vcf.gz
PI656019	/work/jyanglab/subhash/BQSR/gvcf/PI656019.g.vcf.gz
PI656020	/work/jyanglab/subhash/BQSR/gvcf/PI656020.g.vcf.gz
PI656021	/work/jyanglab/subhash/BQSR/gvcf/PI656021.g.vcf.gz
PI656022	/work/jyanglab/subhash/BQSR/gvcf/PI656022.g.vcf.gz
PI656023	/work/jyanglab/subhash/BQSR/gvcf/PI656023.g.vcf.gz
PI656024	/work/jyanglab/subhash/BQSR/gvcf/PI656024.g.vcf.gz
PI656025	/work/jyanglab/subhash/BQSR/gvcf/PI656025.g.vcf.gz
PI656026	/work/jyanglab/subhash/BQSR/gvcf/PI656026.g.vcf.gz
PI656027	/work/jyanglab/subhash/BQSR/gvcf/PI656027.g.vcf.gz
PI656028	/work/jyanglab/subhash/BQSR/gvcf/PI656028.g.vcf.gz
PI656029	/work/jyanglab/subhash/BQSR/gvcf/PI656029.g.vcf.gz
PI656031	/work/jyanglab/subhash/BQSR/gvcf/PI656031.g.vcf.gz
PI656032	/work/jyanglab/subhash/BQSR/gvcf/PI656032.g.vcf.gz
PI656033	/work/jyanglab/subhash/BQSR/gvcf/PI656033.g.vcf.gz
PI656034	/work/jyanglab/subhash/BQSR/gvcf/PI656034.g.vcf.gz
PI656035	/work/jyanglab/subhash/BQSR/gvcf/PI656035.g.vcf.gz
PI656036	/work/jyanglab/subhash/BQSR/gvcf/PI656036.g.vcf.gz
PI656037	/work/jyanglab/subhash/BQSR/gvcf/PI656037.g.vcf.gz
PI656038	/work/jyanglab/subhash/BQSR/gvcf/PI656038.g.vcf.gz
PI656039	/work/jyanglab/subhash/BQSR/gvcf/PI656039.g.vcf.gz
PI656040	/work/jyanglab/subhash/BQSR/gvcf/PI656040.g.vcf.gz
PI656041	/work/jyanglab/subhash/BQSR/gvcf/PI656041.g.vcf.gz
PI656042	/work/jyanglab/subhash/BQSR/gvcf/PI656042.g.vcf.gz
PI656043	/work/jyanglab/subhash/BQSR/gvcf/PI656043.g.vcf.gz
PI656044	/work/jyanglab/subhash/BQSR/gvcf/PI656044.g.vcf.gz
PI656046	/work/jyanglab/subhash/BQSR/gvcf/PI656046.g.vcf.gz
PI656047	/work/jyanglab/subhash/BQSR/gvcf/PI656047.g.vcf.gz
PI656048	/work/jyanglab/subhash/BQSR/gvcf/PI656048.g.vcf.gz
PI656049	/work/jyanglab/subhash/BQSR/gvcf/PI656049.g.vcf.gz
PI656050	/work/jyanglab/subhash/BQSR/gvcf/PI656050.g.vcf.gz
PI656051	/work/jyanglab/subhash/BQSR/gvcf/PI656051.g.vcf.gz
PI656052	/work/jyanglab/subhash/BQSR/gvcf/PI656052.g.vcf.gz
PI656053	/work/jyanglab/subhash/BQSR/gvcf/PI656053.g.vcf.gz
PI656054	/work/jyanglab/subhash/BQSR/gvcf/PI656054.g.vcf.gz
PI656055	/work/jyanglab/subhash/BQSR/gvcf/PI656055.g.vcf.gz
PI656056	/work/jyanglab/subhash/BQSR/gvcf/PI656056.g.vcf.gz
PI656057	/work/jyanglab/subhash/BQSR/gvcf/PI656057.g.vcf.gz
PI656058	/work/jyanglab/subhash/BQSR/gvcf/PI656058.g.vcf.gz
PI656059	/work/jyanglab/subhash/BQSR/gvcf/PI656059.g.vcf.gz
PI656060	/work/jyanglab/subhash/BQSR/gvcf/PI656060.g.vcf.gz
PI656061	/work/jyanglab/subhash/BQSR/gvcf/PI656061.g.vcf.gz
PI656062	/work/jyanglab/subhash/BQSR/gvcf/PI656062.g.vcf.gz
PI656063	/work/jyanglab/subhash/BQSR/gvcf/PI656063.g.vcf.gz
PI656064	/work/jyanglab/subhash/BQSR/gvcf/PI656064.g.vcf.gz
PI656065	/work/jyanglab/subhash/BQSR/gvcf/PI656065.g.vcf.gz
PI656066	/work/jyanglab/subhash/BQSR/gvcf/PI656066.g.vcf.gz
PI656067	/work/jyanglab/subhash/BQSR/gvcf/PI656067.g.vcf.gz
PI656068	/work/jyanglab/subhash/BQSR/gvcf/PI656068.g.vcf.gz
PI656069	/work/jyanglab/subhash/BQSR/gvcf/PI656069.g.vcf.gz
PI656070	/work/jyanglab/subhash/BQSR/gvcf/PI656070.g.vcf.gz
PI656071	/work/jyanglab/subhash/BQSR/gvcf/PI656071.g.vcf.gz
PI656072	/work/jyanglab/subhash/BQSR/gvcf/PI656072.g.vcf.gz
PI656073	/work/jyanglab/subhash/BQSR/gvcf/PI656073.g.vcf.gz
PI656074	/work/jyanglab/subhash/BQSR/gvcf/PI656074.g.vcf.gz
PI656075	/work/jyanglab/subhash/BQSR/gvcf/PI656075.g.vcf.gz
PI656076	/work/jyanglab/subhash/BQSR/gvcf/PI656076.g.vcf.gz
PI656077	/work/jyanglab/subhash/BQSR/gvcf/PI656077.g.vcf.gz
PI656078	/work/jyanglab/subhash/BQSR/gvcf/PI656078.g.vcf.gz
PI656079	/work/jyanglab/subhash/BQSR/gvcf/PI656079.g.vcf.gz
PI656080	/work/jyanglab/subhash/BQSR/gvcf/PI656080.g.vcf.gz
PI656081	/work/jyanglab/subhash/BQSR/gvcf/PI656081.g.vcf.gz
PI656082	/work/jyanglab/subhash/BQSR/gvcf/PI656082.g.vcf.gz
PI656083	/work/jyanglab/subhash/BQSR/gvcf/PI656083.g.vcf.gz
PI656085	/work/jyanglab/subhash/BQSR/gvcf/PI656085.g.vcf.gz
PI656086	/work/jyanglab/subhash/BQSR/gvcf/PI656086.g.vcf.gz
PI656087	/work/jyanglab/subhash/BQSR/gvcf/PI656087.g.vcf.gz
PI656088	/work/jyanglab/subhash/BQSR/gvcf/PI656088.g.vcf.gz
PI656089	/work/jyanglab/subhash/BQSR/gvcf/PI656089.g.vcf.gz
PI656090	/work/jyanglab/subhash/BQSR/gvcf/PI656090.g.vcf.gz
PI656091	/work/jyanglab/subhash/BQSR/gvcf/PI656091.g.vcf.gz
PI656092	/work/jyanglab/subhash/BQSR/gvcf/PI656092.g.vcf.gz
PI656093	/work/jyanglab/subhash/BQSR/gvcf/PI656093.g.vcf.gz
PI656094	/work/jyanglab/subhash/BQSR/gvcf/PI656094.g.vcf.gz
PI656095	/work/jyanglab/subhash/BQSR/gvcf/PI656095.g.vcf.gz
PI656096	/work/jyanglab/subhash/BQSR/gvcf/PI656096.g.vcf.gz
PI656097	/work/jyanglab/subhash/BQSR/gvcf/PI656097.g.vcf.gz
PI656098	/work/jyanglab/subhash/BQSR/gvcf/PI656098.g.vcf.gz
PI656099	/work/jyanglab/subhash/BQSR/gvcf/PI656099.g.vcf.gz
PI656100	/work/jyanglab/subhash/BQSR/gvcf/PI656100.g.vcf.gz
PI656101	/work/jyanglab/subhash/BQSR/gvcf/PI656101.g.vcf.gz
PI656102	/work/jyanglab/subhash/BQSR/gvcf/PI656102.g.vcf.gz
PI656103	/work/jyanglab/subhash/BQSR/gvcf/PI656103.g.vcf.gz
PI656104	/work/jyanglab/subhash/BQSR/gvcf/PI656104.g.vcf.gz
PI656105	/work/jyanglab/subhash/BQSR/gvcf/PI656105.g.vcf.gz
PI656106	/work/jyanglab/subhash/BQSR/gvcf/PI656106.g.vcf.gz
PI656107	/work/jyanglab/subhash/BQSR/gvcf/PI656107.g.vcf.gz
PI656108	/work/jyanglab/subhash/BQSR/gvcf/PI656108.g.vcf.gz
PI656109	/work/jyanglab/subhash/BQSR/gvcf/PI656109.g.vcf.gz
PI656110	/work/jyanglab/subhash/BQSR/gvcf/PI656110.g.vcf.gz
PI656111	/work/jyanglab/subhash/BQSR/gvcf/PI656111.g.vcf.gz
PI656112	/work/jyanglab/subhash/BQSR/gvcf/PI656112.g.vcf.gz
PI656114	/work/jyanglab/subhash/BQSR/gvcf/PI656114.g.vcf.gz
PI656115	/work/jyanglab/subhash/BQSR/gvcf/PI656115.g.vcf.gz
PI656116	/work/jyanglab/subhash/BQSR/gvcf/PI656116.g.vcf.gz
PI656118	/work/jyanglab/subhash/BQSR/gvcf/PI656118.g.vcf.gz
PI656119	/work/jyanglab/subhash/BQSR/gvcf/PI656119.g.vcf.gz
PI656120	/work/jyanglab/subhash/BQSR/gvcf/PI656120.g.vcf.gz
PI656121	/work/jyanglab/subhash/BQSR/gvcf/PI656121.g.vcf.gz
PI659691	/work/jyanglab/subhash/BQSR/gvcf/PI659691.g.vcf.gz
PI659694	/work/jyanglab/subhash/BQSR/gvcf/PI659694.g.vcf.gz
PI659695	/work/jyanglab/subhash/BQSR/gvcf/PI659695.g.vcf.gz
PI659696	/work/jyanglab/subhash/BQSR/gvcf/PI659696.g.vcf.gz
PI659753	/work/jyanglab/subhash/BQSR/gvcf/PI659753.g.vcf.gz
SC0003	/work/jyanglab/subhash/BQSR/gvcf/SC0003.g.vcf.gz
SC0027	/work/jyanglab/subhash/BQSR/gvcf/SC0027.g.vcf.gz
SC0041	/work/jyanglab/subhash/BQSR/gvcf/SC0041.g.vcf.gz
SC0092	/work/jyanglab/subhash/BQSR/gvcf/SC0092.g.vcf.gz
SC0138	/work/jyanglab/subhash/BQSR/gvcf/SC0138.g.vcf.gz
SC0150	/work/jyanglab/subhash/BQSR/gvcf/SC0150.g.vcf.gz
SC0156	/work/jyanglab/subhash/BQSR/gvcf/SC0156.g.vcf.gz
SC0157	/work/jyanglab/subhash/BQSR/gvcf/SC0157.g.vcf.gz
SC0159	/work/jyanglab/subhash/BQSR/gvcf/SC0159.g.vcf.gz
SC0178	/work/jyanglab/subhash/BQSR/gvcf/SC0178.g.vcf.gz
SC0179	/work/jyanglab/subhash/BQSR/gvcf/SC0179.g.vcf.gz
SC0191	/work/jyanglab/subhash/BQSR/gvcf/SC0191.g.vcf.gz
SC0201	/work/jyanglab/subhash/BQSR/gvcf/SC0201.g.vcf.gz
SC0236	/work/jyanglab/subhash/BQSR/gvcf/SC0236.g.vcf.gz
SC0247	/work/jyanglab/subhash/BQSR/gvcf/SC0247.g.vcf.gz
SC0249	/work/jyanglab/subhash/BQSR/gvcf/SC0249.g.vcf.gz
SC0263	/work/jyanglab/subhash/BQSR/gvcf/SC0263.g.vcf.gz
SC0266	/work/jyanglab/subhash/BQSR/gvcf/SC0266.g.vcf.gz
SC0276	/work/jyanglab/subhash/BQSR/gvcf/SC0276.g.vcf.gz
SC0287	/work/jyanglab/subhash/BQSR/gvcf/SC0287.g.vcf.gz
SC0297	/work/jyanglab/subhash/BQSR/gvcf/SC0297.g.vcf.gz
SC0314	/work/jyanglab/subhash/BQSR/gvcf/SC0314.g.vcf.gz
SC0343	/work/jyanglab/subhash/BQSR/gvcf/SC0343.g.vcf.gz
SC0371	/work/jyanglab/subhash/BQSR/gvcf/SC0371.g.vcf.gz
SC0400	/work/jyanglab/subhash/BQSR/gvcf/SC0400.g.vcf.gz
SC0409	/work/jyanglab/subhash/BQSR/gvcf/SC0409.g.vcf.gz
SC0412	/work/jyanglab/subhash/BQSR/gvcf/SC0412.g.vcf.gz
SC0436	/work/jyanglab/subhash/BQSR/gvcf/SC0436.g.vcf.gz
SC0445	/work/jyanglab/subhash/BQSR/gvcf/SC0445.g.vcf.gz
SC0448	/work/jyanglab/subhash/BQSR/gvcf/SC0448.g.vcf.gz
SC0456	/work/jyanglab/subhash/BQSR/gvcf/SC0456.g.vcf.gz
SC0458	/work/jyanglab/subhash/BQSR/gvcf/SC0458.g.vcf.gz
SC0470	/work/jyanglab/subhash/BQSR/gvcf/SC0470.g.vcf.gz
SC0479	/work/jyanglab/subhash/BQSR/gvcf/SC0479.g.vcf.gz
SC0505	/work/jyanglab/subhash/BQSR/gvcf/SC0505.g.vcf.gz
SC0517	/work/jyanglab/subhash/BQSR/gvcf/SC0517.g.vcf.gz
SC0521	/work/jyanglab/subhash/BQSR/gvcf/SC0521.g.vcf.gz
SC0540	/work/jyanglab/subhash/BQSR/gvcf/SC0540.g.vcf.gz
SC0542	/work/jyanglab/subhash/BQSR/gvcf/SC0542.g.vcf.gz
SC0547	/work/jyanglab/subhash/BQSR/gvcf/SC0547.g.vcf.gz
SC0550	/work/jyanglab/subhash/BQSR/gvcf/SC0550.g.vcf.gz
SC0551	/work/jyanglab/subhash/BQSR/gvcf/SC0551.g.vcf.gz
SC0556	/work/jyanglab/subhash/BQSR/gvcf/SC0556.g.vcf.gz
SC0581	/work/jyanglab/subhash/BQSR/gvcf/SC0581.g.vcf.gz
SC0582	/work/jyanglab/subhash/BQSR/gvcf/SC0582.g.vcf.gz
SC0602	/work/jyanglab/subhash/BQSR/gvcf/SC0602.g.vcf.gz
SC0604	/work/jyanglab/subhash/BQSR/gvcf/SC0604.g.vcf.gz
SC0615	/work/jyanglab/subhash/BQSR/gvcf/SC0615.g.vcf.gz
SC0616	/work/jyanglab/subhash/BQSR/gvcf/SC0616.g.vcf.gz
SC0618	/work/jyanglab/subhash/BQSR/gvcf/SC0618.g.vcf.gz
SC0631	/work/jyanglab/subhash/BQSR/gvcf/SC0631.g.vcf.gz
SC0636	/work/jyanglab/subhash/BQSR/gvcf/SC0636.g.vcf.gz
SC0652	/work/jyanglab/subhash/BQSR/gvcf/SC0652.g.vcf.gz
SC0685	/work/jyanglab/subhash/BQSR/gvcf/SC0685.g.vcf.gz
SC0713	/work/jyanglab/subhash/BQSR/gvcf/SC0713.g.vcf.gz
SC0741	/work/jyanglab/subhash/BQSR/gvcf/SC0741.g.vcf.gz
SC0747	/work/jyanglab/subhash/BQSR/gvcf/SC0747.g.vcf.gz
SC0753	/work/jyanglab/subhash/BQSR/gvcf/SC0753.g.vcf.gz
SC0777	/work/jyanglab/subhash/BQSR/gvcf/SC0777.g.vcf.gz
SC0814	/work/jyanglab/subhash/BQSR/gvcf/SC0814.g.vcf.gz
SC0823	/work/jyanglab/subhash/BQSR/gvcf/SC0823.g.vcf.gz
SC0834	/work/jyanglab/subhash/BQSR/gvcf/SC0834.g.vcf.gz
SC0837	/work/jyanglab/subhash/BQSR/gvcf/SC0837.g.vcf.gz
SC0847	/work/jyanglab/subhash/BQSR/gvcf/SC0847.g.vcf.gz
SC0848	/work/jyanglab/subhash/BQSR/gvcf/SC0848.g.vcf.gz
SC0854	/work/jyanglab/subhash/BQSR/gvcf/SC0854.g.vcf.gz
SC0858	/work/jyanglab/subhash/BQSR/gvcf/SC0858.g.vcf.gz
SC0860	/work/jyanglab/subhash/BQSR/gvcf/SC0860.g.vcf.gz
SC0864	/work/jyanglab/subhash/BQSR/gvcf/SC0864.g.vcf.gz
SC0868	/work/jyanglab/subhash/BQSR/gvcf/SC0868.g.vcf.gz
SC0870	/work/jyanglab/subhash/BQSR/gvcf/SC0870.g.vcf.gz
SC0871	/work/jyanglab/subhash/BQSR/gvcf/SC0871.g.vcf.gz
SC0877	/work/jyanglab/subhash/BQSR/gvcf/SC0877.g.vcf.gz
SC0878	/work/jyanglab/subhash/BQSR/gvcf/SC0878.g.vcf.gz
SC0893	/work/jyanglab/subhash/BQSR/gvcf/SC0893.g.vcf.gz
SC0895	/work/jyanglab/subhash/BQSR/gvcf/SC0895.g.vcf.gz
SC0914	/work/jyanglab/subhash/BQSR/gvcf/SC0914.g.vcf.gz
SC0921	/work/jyanglab/subhash/BQSR/gvcf/SC0921.g.vcf.gz
SC0923	/work/jyanglab/subhash/BQSR/gvcf/SC0923.g.vcf.gz
SC0965	/work/jyanglab/subhash/BQSR/gvcf/SC0965.g.vcf.gz
SC0999	/work/jyanglab/subhash/BQSR/gvcf/SC0999.g.vcf.gz
SC1021	/work/jyanglab/subhash/BQSR/gvcf/SC1021.g.vcf.gz
SC1023	/work/jyanglab/subhash/BQSR/gvcf/SC1023.g.vcf.gz
SC1024	/work/jyanglab/subhash/BQSR/gvcf/SC1024.g.vcf.gz
SC1058	/work/jyanglab/subhash/BQSR/gvcf/SC1058.g.vcf.gz
SC1082	/work/jyanglab/subhash/BQSR/gvcf/SC1082.g.vcf.gz
SC1097	/work/jyanglab/subhash/BQSR/gvcf/SC1097.g.vcf.gz
SC1107	/work/jyanglab/subhash/BQSR/gvcf/SC1107.g.vcf.gz
SC1114	/work/jyanglab/subhash/BQSR/gvcf/SC1114.g.vcf.gz
SC1119	/work/jyanglab/subhash/BQSR/gvcf/SC1119.g.vcf.gz
SC1120	/work/jyanglab/subhash/BQSR/gvcf/SC1120.g.vcf.gz
SC1133	/work/jyanglab/subhash/BQSR/gvcf/SC1133.g.vcf.gz
SC1166	/work/jyanglab/subhash/BQSR/gvcf/SC1166.g.vcf.gz
SC1170	/work/jyanglab/subhash/BQSR/gvcf/SC1170.g.vcf.gz
SC1178	/work/jyanglab/subhash/BQSR/gvcf/SC1178.g.vcf.gz
SC1193	/work/jyanglab/subhash/BQSR/gvcf/SC1193.g.vcf.gz
SC1216	/work/jyanglab/subhash/BQSR/gvcf/SC1216.g.vcf.gz
SC1442	/work/jyanglab/subhash/BQSR/gvcf/SC1442.g.vcf.gz
SC1446	/work/jyanglab/subhash/BQSR/gvcf/SC1446.g.vcf.gz
Wild_PI156549	/work/jyanglab/subhash/ex_pvp/BQSR_ex_pvp/gvcf/Wild_PI156549.g.vcf.gz
